Coiffe du Comte Harebourg|Chapeau|Niv. 200
Coiffe Séculaire|Chapeau|Niv. 200
Masque du Granduk|Chapeau|Niv. 200
Amulette du Granduk|Amulette|Niv. 200
Sangle Ouare|Ceinture|Niv. 200
Bandeau Ktriné|Chapeau|Niv. 200
Masque du Barbétoal|Chapeau|Niv. 200
Ceinture du Barbétoal|Ceinture|Niv. 200
Anneau de Nidas|Anneau|Niv. 200
Bracelet du Piloztère|Anneau|Niv. 200
Bottes du Lévitrof|Bottes|Niv. 200
Ceinture de Gein|Ceinture|Niv. 200
Anneau du Katcheur|Anneau|Niv. 200
Bottes du Katcheur|Bottes|Niv. 200
Voilamibe|Cape|Niv. 200
Ceintacé|Ceinture|Niv. 200
Amulette de Pol Ouatnos|Amulette|Niv. 200
Amibou|Amulette|Niv. 200
Ceinture de Vortex|Ceinture|Niv. 200
Bottes Owesli|Bottes|Niv. 200
Boucle d'oreille de Kongoku|Chapeau|Niv. 200
Ceinture de Kongoku|Ceinture|Niv. 200
Chevalière du Roi Joueur|Anneau|Niv. 200
Collier du Valet Veinard|Amulette|Niv. 200
Cape du Valet Veinard|Cape|Niv. 200
Cape d'Atcham|Cape|Niv. 200
Pendentif affamé|Amulette|Niv. 200
Bottes Innommables|Bottes|Niv. 200
Amulette de Shokkoth|Amulette|Niv. 200
Chapoulpe|Chapeau|Niv. 200
Masque Trithon|Chapeau|Niv. 200
Pagne du Rykaon|Ceinture|Niv. 200
Bouclier du Cycloïde|Bouclier|Niv. 200
Masque d'Anerice|Chapeau|Niv. 200
Bouclier d'Anerice|Bouclier|Niv. 200
Goulclier|Bouclier|Niv. 200
Masque de l'Esprit Salvateur|Chapeau|Niv. 200
Masque de l'Esprit Malsain|Chapeau|Niv. 200
Capuche de l'Œil Attentif|Chapeau|Niv. 200
Bouclier Bontarien|Bouclier|Niv. 200
Bouclier Brâkmarien|Bouclier|Niv. 200
Masque Ardent|Chapeau|Niv. 200
Sac Volcanique|Sac à dos|Niv. 200
Bouclier de Solar|Bouclier|Niv. 200
Sangle Oriole|Ceinture|Niv. 200
Anneau Toriété|Anneau|Niv. 200
Bottes Honyme|Bottes|Niv. 200
Masquegel|Chapeau|Niv. 200
Anneau Volkorne|Anneau|Niv. 200
Trompe-la-Mort|Bouclier|Niv. 200
Couronne de Brâm Barbe-Monde|Chapeau|Niv. 200
Bravoure de Rykke Errel|Cape|Niv. 200
Bottes de Mille Lieues|Bottes|Niv. 200
Bottes du Cul Botté|Bottes|Niv. 200
Sandales Paztek|Bottes|Niv. 200
Croclier|Bouclier|Niv. 200
Corne de Torkélonia|Chapeau|Niv. 200
Solerets de Misère|Bottes|Niv. 200
Corset de Misère|Ceinture|Niv. 200
Ceste de Guerre|Anneau|Niv. 200
Amulette Rinne|Amulette|Niv. 200
Sangle Icisme|Ceinture|Niv. 200
Amulette de Wulan|Amulette|Niv. 200
Anneau Menclatur|Anneau|Niv. 200
Anneau du Comte Harebourg|Anneau|Niv. 200
Bottes du Sinistrofu|Bottes|Niv. 200
Amulette du Cycloïde|Amulette|Niv. 200
Bottes du Strigide|Bottes|Niv. 200
Sangle Aise|Ceinture|Niv. 200
Anneau Tique|Anneau|Niv. 200
Couronne de Nidas|Chapeau|Niv. 200
Tongues de Nidas|Bottes|Niv. 200
Coiffe du Lévitrof|Chapeau|Niv. 200
Cape du Kamasterisk|Cape|Niv. 200
Bottes de la Cour Sombre|Bottes|Niv. 200
Ceinture de la Cour Sombre|Ceinture|Niv. 200
Cape de la Cour Sombre|Cape|Niv. 200
Bottes des Malveilleurs|Bottes|Niv. 200
Cape des Malveilleurs|Cape|Niv. 200
Pataugastrique|Bottes|Niv. 200
Chapibou|Chapeau|Niv. 200
Capibou|Cape|Niv. 200
Capille|Cape|Niv. 200
Bracelet des Fonds marins|Anneau|Niv. 200
Sandales des Fonds marins|Bottes|Niv. 200
Amulette Voldelor|Amulette|Niv. 200
Bottes Voldelor|Bottes|Niv. 200
Bottes du Roi Joueur|Bottes|Niv. 200
Collier de la Dame du Hasard|Amulette|Niv. 200
Bottes du Chalœil|Bottes|Niv. 200
Menoture|Ceinture|Niv. 200
Ceinture Luminescente|Ceinture|Niv. 200
Cape Luminescente|Cape|Niv. 200
Pendentif mignon de Koutoulou|Amulette|Niv. 200
Casque Cyclopéen|Chapeau|Niv. 200
Le Dorado|Chapeau|Niv. 200
Chevelure de Tal Kasha|Cape|Niv. 200
Bouclier du Captain Amakna|Bouclier|Niv. 200
Goulano|Anneau|Niv. 200
Goulbottes|Bottes|Niv. 200
Bottes du Cœur Vaillant|Bottes|Niv. 200
Cape du Cœur Vaillant|Cape|Niv. 200
Amulette du Cœur Saignant|Amulette|Niv. 200
Bottes du Cœur Saignant|Bottes|Niv. 200
Casque d'Ilyzaelle|Chapeau|Niv. 200
Chaussures Ardentes|Bottes|Niv. 200
Heaume Oplate|Chapeau|Niv. 200
Culotte de Bethel|Ceinture|Niv. 200
Amulette Volkorne|Amulette|Niv. 200
Audace de Dodge|Ceinture|Niv. 200
Masque Paztek|Chapeau|Niv. 200
Ceinture des Chocomanciens|Ceinture|Niv. 200
Masque de Kao|Chapeau|Niv. 200
Anneau Lunaire|Anneau|Niv. 200
Écharpe de Servitude|Amulette|Niv. 200
Dora de Servitude|Chapeau|Niv. 200
Étreinte de Servitude|Ceinture|Niv. 200
Solerets Kritur|Bottes|Niv. 200
Cape Ostrophe|Cape|Niv. 200
Coiffe Ranshi|Chapeau|Niv. 200
Anneau Cryochrone|Anneau|Niv. 200
Anneau du Cycloïde|Anneau|Niv. 200
Amulette du Strigide|Amulette|Niv. 200
Ceinture du Strigide|Ceinture|Niv. 200
Bottes du Nocturlabe|Bottes|Niv. 200
Cape Lati|Cape|Niv. 200
Cape Ovri|Cape|Niv. 200
Talisman Glouti|Amulette|Niv. 200
Cape du Barbétoal|Cape|Niv. 200
Pantoufles du Piloztère|Bottes|Niv. 200
Amulette du Kamasterisk|Amulette|Niv. 200
Chapeau de Gein|Chapeau|Niv. 200
Bottes de la Reine des Voleurs|Bottes|Niv. 200
Chapeau des Malveilleurs|Chapeau|Niv. 200
Anneau de Pol Ouatnos|Anneau|Niv. 200
Bottes des égarés|Bottes|Niv. 200
Ceintrigue|Ceinture|Niv. 200
Cape de Kongoku|Cape|Niv. 200
Casque du Chalœil|Chapeau|Niv. 200
Collier de Tourthon|Amulette|Niv. 200
Anneau Crustique|Anneau|Niv. 200
Cape de Diondin|Cape|Niv. 200
Palmes Trithons|Bottes|Niv. 200
Tentassons|Bottes|Niv. 200
Bottes de l'Indicible|Bottes|Niv. 200
Bottistik|Bottes|Niv. 200
Capuche de Moum-Ra|Chapeau|Niv. 200
Ceinture de l'Esprit Malsain|Ceinture|Niv. 200
Alliance Brûlâme|Anneau|Niv. 200
Pompes Funèbres|Bottes|Niv. 200
Amulette Volcanique|Amulette|Niv. 200
Cape de Crânonier|Cape|Niv. 200
Masque de Funespadon|Chapeau|Niv. 200
Cape Solution|Cape|Niv. 200
Cape Martegel|Cape|Niv. 200
Amulette Martegel|Amulette|Niv. 200
Diadème de Ganymède|Chapeau|Niv. 200
Cape de Jahash Jurgen|Cape|Niv. 200
Ceinture de Dame Jhessica|Ceinture|Niv. 200
Cape Paztek|Cape|Niv. 200
Amulette des Chocomanciens|Amulette|Niv. 200
Forteresse de Guerre|Bouclier|Niv. 200
Manteau de Servitude|Cape|Niv. 200
Bague de Corruption|Anneau|Niv. 200
Collier de Bavdur|Amulette|Niv. 200
Parure du Vautour|Cape|Niv. 200
Pestilence de Corruption|Cape|Niv. 200
Casque Onsonne|Chapeau|Niv. 200
Dofusteuse|Cape|Niv. 200
Ceinture Séculaire|Ceinture|Niv. 200
Cape du Sinistrofu|Cape|Niv. 200
Amulette du Sinistrofu|Amulette|Niv. 200
Amulette Cryochrone|Amulette|Niv. 200
Amulette du Nocturlabe|Amulette|Niv. 200
Ceinture du Nocturlabe|Ceinture|Niv. 200
Dorabysses|Chapeau|Niv. 200
Cape des Justiciers|Cape|Niv. 200
Masque du Katcheur|Chapeau|Niv. 200
Baleinabottes|Bottes|Niv. 200
Maskrobe|Chapeau|Niv. 200
Capchalot|Cape|Niv. 200
Protopagne|Ceinture|Niv. 200
Anneau des égarés|Anneau|Niv. 200
Casque des égarés|Chapeau|Niv. 200
Sabots de Vortex|Bottes|Niv. 200
Talisman Igans|Amulette|Niv. 200
Masque des Fonds marins|Chapeau|Niv. 200
Ceinture Voldelor|Ceinture|Niv. 200
Bottes de la Dame du Hasard|Bottes|Niv. 200
Cape de la Dame du Hasard|Cape|Niv. 200
Gant du Valet Veinard|Anneau|Niv. 200
Sandales d'Atcham|Bottes|Niv. 200
Masque de Koutoulou|Chapeau|Niv. 200
Cape de Mantaze|Cape|Niv. 200
Poulpagne|Ceinture|Niv. 200
Cape Indescriptible|Cape|Niv. 200
Ceintouse|Ceinture|Niv. 200
Casquette de Meno|Chapeau|Niv. 200
Ceinture de l'Indicible|Ceinture|Niv. 200
Bague Trithon|Anneau|Niv. 200
Bottes Trithon|Bottes|Niv. 200
Némès de Tal Kasha|Chapeau|Niv. 200
Torquistik|Amulette|Niv. 200
Ankhape|Cape|Niv. 200
Anneauræus|Anneau|Niv. 200
Bouclier précieux|Bouclier|Niv. 200
Cape d'Anerice|Cape|Niv. 200
Amulette du Cœur Vaillant|Amulette|Niv. 200
Cape du Cœur Saignant|Cape|Niv. 200
Ceinture de l'Esprit Salvateur|Ceinture|Niv. 200
Bottes de l'Esprit Salvateur|Bottes|Niv. 200
Bottes de l'Esprit Malsain|Bottes|Niv. 200
Bouclier d'Ilyzaelle|Bouclier|Niv. 200
Cape Ardente|Cape|Niv. 200
Sabots Volcaniques|Bottes|Niv. 200
Ceinture Gence|Ceinture|Niv. 200
Collier Rophante|Amulette|Niv. 200
Ceinture en Grithril|Ceinture|Niv. 200
Casque en Grithril|Chapeau|Niv. 200
Bouclier des Chocomanciens|Bouclier|Niv. 200
Croture|Ceinture|Niv. 200
Bottes Lunaires|Bottes|Niv. 200
Heaume de Guerre|Chapeau|Niv. 200
Ceinturonce de Corruption|Ceinture|Niv. 200
Bottes du Comte Harebourg|Bottes|Niv. 200
Amulette Séculaire|Amulette|Niv. 200
Coiffe Cryochrone|Chapeau|Niv. 200
Bottes du Cycloïde|Bottes|Niv. 200
Talisman Songe|Amulette|Niv. 200
Bottes Dogues|Bottes|Niv. 200
Amulette du Piloztère|Amulette|Niv. 200
Alliance du Lévitrof|Anneau|Niv. 200
Bottes du Kamasterisk|Bottes|Niv. 200
Amulette de Gein|Amulette|Niv. 200
Ceinture de la Reine des Voleurs|Ceinture|Niv. 200
Coiffe de la Reine des Voleurs|Chapeau|Niv. 200
Kidibonnet|Chapeau|Niv. 200
Cagoule de Vortex|Chapeau|Niv. 200
Harpendentif|Amulette|Niv. 200
Bottarpille|Bottes|Niv. 200
Couronne du Roi Joueur|Chapeau|Niv. 200
Cape du Chalœil|Cape|Niv. 200
Bottes de Meno|Bottes|Niv. 200
Cape de Meno|Cape|Niv. 200
Amulette de l'Indicible|Amulette|Niv. 200
Amulette Luminescente|Amulette|Niv. 200
Anneau Rifique|Anneau|Niv. 200
Sandales de Tal Kasha|Bottes|Niv. 200
Baguistik|Anneau|Niv. 200
Ambrouclier|Bouclier|Niv. 200
Jadis|Bouclier|Niv. 200
Bouclier du Stalak|Bouclier|Niv. 200
Cape de l'Œil Attentif|Cape|Niv. 200
Amulette de l'Œil Attentif|Amulette|Niv. 200
Cape de l'Œil Putride|Cape|Niv. 200
Capuche de l'Œil Putride|Chapeau|Niv. 200
Amulette de l'Œil Putride|Amulette|Niv. 200
Amulette d'Ilyzaelle|Amulette|Niv. 200
Masque Brûlâme|Chapeau|Niv. 200
Lavanneau|Anneau|Niv. 200
Chapeau de Tournoyé|Chapeau|Niv. 200
Chaussons de Macrab|Bottes|Niv. 200
Anneau en Grithril|Anneau|Niv. 200
Casque Volkorne|Chapeau|Niv. 200
Ceinture Volkorne|Ceinture|Niv. 200
Droiture de Fallanster|Bouclier|Niv. 200
Crocanneau|Anneau|Niv. 200
Collier Lunaire|Amulette|Niv. 200
Carapace de Torkélonia|Sac à dos|Niv. 200
Convoitise de Misère|Anneau|Niv. 200
Solerets de Guerre|Bottes|Niv. 200
Alliance de Corruption|Anneau|Niv. 200
Diadème de Wulan|Chapeau|Niv. 200
Anneau Rtograf|Anneau|Niv. 200
Kralano|Anneau|Niv. 199
Masque du Glourséleste|Chapeau|Niv. 199
Bottes de Léthaline|Bottes|Niv. 199
Chapeau Potin|Chapeau|Niv. 199
Bandeau Culaire|Chapeau|Niv. 199
Anneau Vicieux|Anneau|Niv. 199
Bague Instable|Anneau|Niv. 199
Anneau du Père Fwetar|Anneau|Niv. 199
Bouclier alvéolé|Bouclier|Niv. 199
Anneau Instable|Anneau|Niv. 199
Bottes d'Oshimo|Bottes|Niv. 199
Bottes de Nileza|Bottes|Niv. 199
Anneau de Brouce|Anneau|Niv. 198
Coiffe de Padgref|Chapeau|Niv. 198
Coiffe d'Hel Munster|Chapeau|Niv. 198
Alliance de Missiz Frizz|Anneau|Niv. 198
Bottes Refois|Bottes|Niv. 198
Amulette du Glourséleste|Amulette|Niv. 198
Cape Reski|Cape|Niv. 198
Coiffe d'Aermyne|Chapeau|Niv. 198
Ceinture de Klime|Ceinture|Niv. 198
Alliance Gloursonne|Anneau|Niv. 198
Coiffe d'Oshimo|Chapeau|Niv. 198
Cape de Théodoran Ax|Cape|Niv. 198
Cape de Nileza|Cape|Niv. 198
Pikottes|Bottes|Niv. 198
Bouclier cubiste|Bouclier|Niv. 198
Anneau Tamie|Anneau|Niv. 198
Cape de Sylargh|Cape|Niv. 198
Cape au Logis|Cape|Niv. 198
Ceinture du Père Fwetar|Ceinture|Niv. 198
Bottes Vicieuses|Bottes|Niv. 198
Cape du Kanimate|Cape|Niv. 198
Bracelet Ming|Anneau|Niv. 197
Bivalve|Bouclier|Niv. 197
Amulette Hendart|Amulette|Niv. 197
Bague Gloursonne|Anneau|Niv. 197
Anneau de Padgref|Anneau|Niv. 197
Chapeau du Comte Razof|Chapeau|Niv. 197
Bracelet du Minotoboule|Anneau|Niv. 197
Ceinture d'Henual|Ceinture|Niv. 197
Bonnet Vicieux|Chapeau|Niv. 197
Amulule|Amulette|Niv. 197
Bottes du Père Fwetar|Bottes|Niv. 197
Frimature|Ceinture|Niv. 197
Cape du Glourséleste|Cape|Niv. 197
Cape de Klime|Cape|Niv. 197
Cape Glaciale|Cape|Niv. 197
Coiffe du Kanimate|Chapeau|Niv. 197
Phylactère Mic|Amulette|Niv. 197
Cape Tif|Cape|Niv. 197
Bottes de Brouce|Bottes|Niv. 197
Amulette d'Otomaï|Amulette|Niv. 197
Anneau d'Allister|Anneau|Niv. 197
Anneau Glacial|Anneau|Niv. 197
Cape Parition|Cape|Niv. 197
Coiffe de Danathor|Chapeau|Niv. 196
Cape de Nevark|Cape|Niv. 196
Cape d'Aermyne|Cape|Niv. 196
Sabots Minables|Bottes|Niv. 196
Ceinture Glaciale|Ceinture|Niv. 196
Casque de Missiz Frizz|Chapeau|Niv. 196
Bottes de Missiz Frizz|Bottes|Niv. 196
Amulette Rangleur|Amulette|Niv. 196
Le Kim|Chapeau|Niv. 196
Couronne d'Allister|Chapeau|Niv. 196
Cape Matelassée|Cape|Niv. 196
Masque de Klime|Chapeau|Niv. 196
Amulette de Nileza|Amulette|Niv. 196
Calotte Spot|Chapeau|Niv. 196
Casquipik|Chapeau|Niv. 196
Cape Hiculteur|Cape|Niv. 196
Amulette d'Oshimo|Amulette|Niv. 196
Pantoufles Émar|Bottes|Niv. 196
Ceinture Instable|Ceinture|Niv. 196
Capuche de Sylargh|Chapeau|Niv. 196
Grésilanneau|Anneau|Niv. 196
Bottes du Glourséleste|Bottes|Niv. 196
Anneau d'Henual|Anneau|Niv. 196
Getas de Padgref|Bottes|Niv. 196
Bague Nostik|Anneau|Niv. 196
Amulette du Kanimate|Amulette|Niv. 196
Anneau Kturne|Anneau|Niv. 196
Écorce de Brouce|Bouclier|Niv. 196
Amulette Ikête|Amulette|Niv. 196
Chaussures Hau|Bottes|Niv. 196
Coiffe de la Fuji Givrefoux|Chapeau|Niv. 195
Ceinture d'Ogivol|Ceinture|Niv. 195
Détourné|Bouclier|Niv. 195
Sandales Circulaires du Kimbo|Bottes|Niv. 195
Amulette du Professeur Xa|Amulette|Niv. 195
Sangle de Sylargh|Ceinture|Niv. 195
Obscture|Ceinture|Niv. 195
Chaussures Face|Bottes|Niv. 195
Frimanneau|Anneau|Niv. 195
Chapeau Lochon|Chapeau|Niv. 195
Ceinture de Nevark|Ceinture|Niv. 195
Bottes de Théodoran Ax|Bottes|Niv. 195
Slip du Roi de Bonta|Ceinture|Niv. 195
Ceinture Hyolite|Ceinture|Niv. 195
Pikano|Anneau|Niv. 195
Casqnoar|Chapeau|Niv. 195
Ceinture du Comte Razof|Ceinture|Niv. 195
Ceinture du Glourséleste|Ceinture|Niv. 195
Coiffe du Glourséleste|Chapeau|Niv. 195
Amulette d'Hel Munster|Amulette|Niv. 195
Sandales Ouzi|Bottes|Niv. 195
Grésilocape|Cape|Niv. 194
Sept ans de malheur|Bouclier|Niv. 194
Ceinture Hanium|Ceinture|Niv. 194
Sandales Pinistes|Bottes|Niv. 194
Cape du Professeur Xa|Cape|Niv. 194
Kralamansion|Amulette|Niv. 194
Bottes de la Fuji Givrefoux|Bottes|Niv. 194
Ceinture de Brouce|Ceinture|Niv. 194
Amulette de Danathor|Amulette|Niv. 194
Ceinture de Léthaline|Ceinture|Niv. 194
Amulette de Nevark|Amulette|Niv. 194
Pendentif Oton|Amulette|Niv. 194
Anneau Aimgéroks|Anneau|Niv. 194
Cape de Léthaline|Cape|Niv. 194
Cape d'Hel Munster|Cape|Niv. 194
Coiffe de Kolosso|Chapeau|Niv. 193
Bottes du Professeur Xa|Bottes|Niv. 193
Quatre-feuilles|Bouclier|Niv. 193
Amulette Hale|Amulette|Niv. 193
Cape de la Fuji Givrefoux|Cape|Niv. 193
Amulette de Théodoran Ax|Amulette|Niv. 193
Coiffe d'Ogivol|Chapeau|Niv. 193
Chaussons du Comte Razof|Bottes|Niv. 193
Frimamulette|Amulette|Niv. 192
Anneau de la Fuji Givrefoux|Anneau|Niv. 192
Bottes d'Otomaï|Bottes|Niv. 192
Carapar|Bouclier|Niv. 192
String Tue-Mouche|Ceinture|Niv. 192
Binocle Airvoyant|Chapeau|Niv. 192
Bottes d'Allister|Bottes|Niv. 191
Anneau du Professeur Xa|Anneau|Niv. 191
Voile d'encre|Cape|Niv. 191
Bouclier à hélice|Bouclier|Niv. 191
Bouclier du serrurier|Bouclier|Niv. 190
Grésilobottes|Bottes|Niv. 190
Anneau de Kolosso|Anneau|Niv. 190
Capignon|Cape|Niv. 190
Casque Harnage|Chapeau|Niv. 189
Annolamour|Anneau|Niv. 189
Amunite|Amulette|Niv. 189
Bottes de Boréale|Bottes|Niv. 189
Frimacoiffe|Chapeau|Niv. 188
Anneau Colerette|Anneau|Niv. 188
Ceinture de Danathor|Ceinture|Niv. 188
Ceinture de Kolosso|Ceinture|Niv. 187
Alliance Sorcelée|Anneau|Niv. 187
Coiffe de Boréale|Chapeau|Niv. 187
Cape d'Ogivol|Cape|Niv. 186
Alliance Boletée|Anneau|Niv. 186
Bottines Hodore|Bottes|Niv. 186
Racine Hueuse|Amulette|Niv. 186
Cape Erforée|Cape|Niv. 185
Amulette Héroclite|Amulette|Niv. 185
La Rondelle|Bouclier|Niv. 185
Ceinture de Boréale|Ceinture|Niv. 185
Ougature|Ceinture|Niv. 185
Amulette Ripage|Amulette|Niv. 184
Bottes Répané|Bottes|Niv. 184
Chapeau Lisson|Chapeau|Niv. 184
Bague de Boréale|Anneau|Niv. 183
Ceinture du K.O.|Ceinture|Niv. 183
Ceinture Bine|Ceinture|Niv. 183
Chapignon|Chapeau|Niv. 183
Amulette du Korriandre|Amulette|Niv. 182
Cape Nécrotique|Cape|Niv. 182
Ceinture Rasboulaire du Rasboul|Ceinture|Niv. 182
Cape Peupret|Cape|Niv. 182
Cape de Dremoan|Cape|Niv. 182
Caprin|Cape|Niv. 181
Ceinture Toré|Ceinture|Niv. 181
Amulette du K.O.|Amulette|Niv. 181
Ougamulette|Amulette|Niv. 181
Chaussons Pignons|Bottes|Niv. 181
Dofus des Glaces|Dofus|Niv. 180
Chapeau de Crocodaille Dandi|Chapeau|Niv. 180
Anneau Chevelu|Anneau|Niv. 180
Bottes de Dremoan|Bottes|Niv. 180
Dofus Argenté Scintillant|Dofus|Niv. 180
Dofus Vulbis|Dofus|Niv. 180
Bottes du K.O.|Bottes|Niv. 180
Dofus Abyssal|Dofus|Niv. 180
Dofus Tacheté|Dofus|Niv. 180
Dofus Ivoire|Dofus|Niv. 180
Roncier|Bouclier|Niv. 180
Dofus Forgelave|Dofus|Niv. 180
Dofus Ébène|Dofus|Niv. 180
Dofus Nébuleux|Dofus|Niv. 180
Masque mortuaire|Chapeau|Niv. 180
Tranche des Sous-bois|Ceinture|Niv. 179
Bracelet Ventré|Anneau|Niv. 179
Cape du Korriandre|Cape|Niv. 179
Ougalurette|Chapeau|Niv. 178
Slip Iholo|Ceinture|Niv. 178
Amulette Nécrotique|Amulette|Niv. 178
Amulette de Guten Tak|Amulette|Niv. 177
Bottes Nécrotiques|Bottes|Niv. 177
Ceinture Mycosine|Ceinture|Niv. 177
Ceinture du Tengu Givrefoux|Ceinture|Niv. 177
Cape de Tengu Givrefoux|Cape|Niv. 177
Cape Surde|Cape|Niv. 176
Bottes de XLII|Bottes|Niv. 176
Anneau du Korriandre|Anneau|Niv. 176
Chapeau de Dremoan|Chapeau|Niv. 176
Coiffe de Tengu Givrefoux|Chapeau|Niv. 175
Anneau de Guten Tak|Anneau|Niv. 175
Cadran de Feu|Bouclier|Niv. 175
Pagne du Soryo Givrefoux|Ceinture|Niv. 175
Chapeau Tiche|Chapeau|Niv. 174
Anneau Bliteré|Anneau|Niv. 174
Chapeau Pourih|Chapeau|Niv. 174
Pantoufles de Soissanth|Bottes|Niv. 174
Alliance de Guten Tak|Anneau|Niv. 173
Amulette Cætera|Amulette|Niv. 173
Ceintrémorse|Ceinture|Niv. 173
Chaussquales|Bottes|Niv. 173
Bottes du Tengu Givrefoux|Bottes|Niv. 173
Coiffe de Soissanth|Chapeau|Niv. 173
Bottines des sous-bois|Bottes|Niv. 172
Chapeau Lichinelle|Chapeau|Niv. 172
Cape du Petit Chapon Rouge|Cape|Niv. 171
Capikténia|Cape|Niv. 171
Anneau de XLII|Anneau|Niv. 171
Ceinture de Soissanth|Ceinture|Niv. 171
Casquoporth|Chapeau|Niv. 171
Masque de Kaonashi|Chapeau|Niv. 170
Koinkoiffe Rose|Chapeau|Niv. 170
Ceinture de XLII|Ceinture|Niv. 170
Cadran d'Air|Bouclier|Niv. 170
Bottines Hertie|Bottes|Niv. 169
Veranneau|Anneau|Niv. 169
Crolier|Amulette|Niv. 169
Chapeau Stapokaliptik|Chapeau|Niv. 169
Anneau des Prophètes|Anneau|Niv. 168
Ceinture d'Onigori|Ceinture|Niv. 168
Capuche Souveraine du Roissingue|Chapeau|Niv. 168
Bottes de l'Obsidiantre|Bottes|Niv. 167
Alliance Hestrale|Anneau|Niv. 167
Sulik|Chapeau|Niv. 167
Anneau Tabéné|Anneau|Niv. 166
Geta des Tombeaux|Bottes|Niv. 166
Casque de l'Obsidiantre|Chapeau|Niv. 166
Sandales Binosse|Bottes|Niv. 166
Fût d'Aspiratueur|Sac à dos|Niv. 165
Cadran de Terre|Bouclier|Niv. 165
Coiffe du Tynril|Chapeau|Niv. 164
Goldoture|Ceinture|Niv. 164
Amulette de l'Obsidiantre|Amulette|Niv. 164
Col de Ush|Amulette|Niv. 164
Anneau de Koumiho|Anneau|Niv. 164
Cape de l'Obsidiantre|Cape|Niv. 163
Bottes de Ush|Bottes|Niv. 163
Amulette Ementaire Deluxe|Amulette|Niv. 163
Ceinture des Prophètes|Ceinture|Niv. 163
Cape des Matougarous|Cape|Niv. 162
Katar Strophe|Chapeau|Niv. 162
Cape du Bretteur Céleste|Cape|Niv. 162
Ceinture du Bretteur Céleste|Ceinture|Niv. 162
Slip Noze|Ceinture|Niv. 162
Anneau du Kaniblou|Anneau|Niv. 162
Blopronne Royale|Chapeau|Niv. 161
Anneau des Matougarous|Anneau|Niv. 161
Les Maidartes|Bottes|Niv. 161
Bague de l'Obsidiantre|Anneau|Niv. 161
Cape Tivante|Cape|Niv. 161
Coiffe de l’Orfélin|Chapeau|Niv. 160
Dofus Ocre|Dofus|Niv. 160
Cadran d'Eau|Bouclier|Niv. 160
Bouclier du Yokomaïnu|Bouclier|Niv. 160
Dofus Turquoise|Dofus|Niv. 160
Cape du Kaniblou|Cape|Niv. 160
Ceinture des Matougarous|Ceinture|Niv. 160
Sandales du Minotot|Bottes|Niv. 160
Collier Yé|Amulette|Niv. 160
Casque de Metag Robill|Chapeau|Niv. 160
Sandales Hambic|Bottes|Niv. 159
Le Nahitse|Chapeau|Niv. 159
Zothulette|Amulette|Niv. 159
Masque Vaudou Sarbak|Chapeau|Niv. 158
Ceinture de l’Orfélin|Ceinture|Niv. 158
Ceinture de Tsukinochi|Ceinture|Niv. 158
Collier du Minotot|Amulette|Niv. 158
Masque Vaudou Eth|Chapeau|Niv. 158
Masque Vaudou Ark|Chapeau|Niv. 158
Ceinture de Grozilla|Ceinture|Niv. 158
Masque Vaudou Tam|Chapeau|Niv. 158
Masque Vaudou Jav|Chapeau|Niv. 158
Sceau Souverain du Roissingue|Anneau|Niv. 158
Ceinture du Kaniblou|Ceinture|Niv. 158
Ceinture de Ben le Ripate|Ceinture|Niv. 157
Coiffe du Minotot|Chapeau|Niv. 157
Amulette de l’Orfélin|Amulette|Niv. 157
Cape du Minotot|Cape|Niv. 156
Fantômasque|Chapeau|Niv. 156
Masque du Frelon Noir|Chapeau|Niv. 156
Amulette de Cantile|Amulette|Niv. 156
Coiffe du Maître Zoth|Chapeau|Niv. 156
Bottes de Brume|Bottes|Niv. 156
Bottes de Cantile|Bottes|Niv. 156
Bottes de Grozilla|Bottes|Niv. 155
Crochet de Ben le Ripate|Anneau|Niv. 155
Masque du Harpirate|Chapeau|Niv. 155
Bouclier Taverne|Bouclier|Niv. 155
Bandeau de Spiritueur|Chapeau|Niv. 155
Talisman Choh|Amulette|Niv. 154
Sac mortuaire de Jiangshi-Nobi|Sac à dos|Niv. 154
Ceinture du Père Phorreur|Ceinture|Niv. 154
Casque du Bitouf Aérien|Chapeau|Niv. 154
Chapeau de Ben le Ripate|Chapeau|Niv. 154
Coiffe de Grozilla|Chapeau|Niv. 154
Barbe de Zatoïshwan|Chapeau|Niv. 154
Anneau de Cantile|Anneau|Niv. 153
Cape de Cantile|Cape|Niv. 153
Ceinture de Zatoïshwan|Ceinture|Niv. 153
Ceinture du Frelon Noir|Ceinture|Niv. 153
Collier du Tanukouï San|Amulette|Niv. 152
Chapblopignon|Chapeau|Niv. 152
Amulette du Père Phorreur|Amulette|Niv. 152
Slip Hie|Ceinture|Niv. 152
Cape Souveraine du Roissingue|Cape|Niv. 152
Pèlerine d’Augilol|Cape|Niv. 151
Bonnet Ko|Chapeau|Niv. 151
Ruskauffe|Chapeau|Niv. 151
Amulette de Grozilla|Amulette|Niv. 151
Bottes Phossiles|Bottes|Niv. 151
Bague Houx|Anneau|Niv. 150
Ralentisseur majeur|Trophée|Niv. 150
Cuirassé Air majeur|Trophée|Niv. 150
Porteur majeur|Trophée|Niv. 150
Furibond majeur|Trophée|Niv. 150
Ravageur Terre majeur|Trophée|Niv. 150
Saccageur Terre majeur|Trophée|Niv. 150
Saccageur Feu majeur|Trophée|Niv. 150
Entraveur majeur|Trophée|Niv. 150
Muraille Feu majeure|Trophée|Niv. 150
Muraille Air majeure|Trophée|Niv. 150
Mandrano|Anneau|Niv. 150
Érudit majeur|Trophée|Niv. 150
Cascadeur majeur|Trophée|Niv. 150
Solide majeur|Trophée|Niv. 150
Carapace Terre majeur|Trophée|Niv. 150
Vigoureux majeur|Trophée|Niv. 150
Anneau Stalgik|Anneau|Niv. 150
Anneau Pwal|Anneau|Niv. 150
Bracelet Jande|Anneau|Niv. 150
Fugitif majeur|Trophée|Niv. 150
Pousseur majeur|Trophée|Niv. 150
Adamantin majeur|Trophée|Niv. 150
Cuirassé Eau majeur|Trophée|Niv. 150
Cuirassé Terre majeur|Trophée|Niv. 150
Ravageur Air majeur|Trophée|Niv. 150
Savant majeur|Trophée|Niv. 150
Survivant majeur|Trophée|Niv. 150
Steamanneau Maître|Anneau|Niv. 150
Docteur majeur|Trophée|Niv. 150
Forcené majeur|Trophée|Niv. 150
Taquin majeur|Trophée|Niv. 150
Saccageur Neutre majeur|Trophée|Niv. 150
Styxano|Anneau|Niv. 150
Miraculé majeur|Trophée|Niv. 150
Dévastateur Neutre majeur|Trophée|Niv. 150
Dévastateur Feu majeur|Trophée|Niv. 150
Dévastateur Air majeur|Trophée|Niv. 150
Étourdisseur majeur|Trophée|Niv. 150
Cavaleur majeur|Trophée|Niv. 150
Carapace Feu majeur|Trophée|Niv. 150
Bouclier Pandawa|Bouclier|Niv. 150
Bague Harre|Anneau|Niv. 150
Anneau Pitale|Anneau|Niv. 150
Mitaine Aibre|Anneau|Niv. 150
Engourdisseur majeur|Trophée|Niv. 150
Rempart majeur|Trophée|Niv. 150
Cuirassé Neutre majeur|Trophée|Niv. 150
Ravageur Neutre majeur|Trophée|Niv. 150
Soigneur majeur|Trophée|Niv. 150
Joueur majeur|Trophée|Niv. 150
Cape du Nowel Cauchemardesque|Cape|Niv. 150
Bottes du Nowel Cauchemardesque|Bottes|Niv. 150
Astucieux majeur|Trophée|Niv. 150
Equilibriste majeur|Trophée|Niv. 150
Bousculeur majeur|Trophée|Niv. 150
Déserteur majeur|Trophée|Niv. 150
Enragé majeur|Trophée|Niv. 150
Chanceux majeur|Trophée|Niv. 150
Temporiseur majeur|Trophée|Niv. 150
Carapace Eau majeur|Trophée|Niv. 150
Anneau Riginel|Anneau|Niv. 150
Anneau Nos|Anneau|Niv. 150
Dorigami|Dofus|Niv. 150
Anneau Bhli|Anneau|Niv. 150
Anneau Raille|Anneau|Niv. 150
Anneau Tilus|Anneau|Niv. 150
Tacleur majeur|Trophée|Niv. 150
Fuyard majeur|Trophée|Niv. 150
Insaisissable majeur|Trophée|Niv. 150
Cuirassé Feu majeur|Trophée|Niv. 150
Ravageur Eau majeur|Trophée|Niv. 150
Porte-Malheur du Nowel Cauchemardesque|Amulette|Niv. 150
Saccageur Eau majeur|Trophée|Niv. 150
Saccageur Air majeur|Trophée|Niv. 150
Imprenable majeur|Trophée|Niv. 150
Evanescent majeur|Trophée|Niv. 150
Inflexible majeur|Trophée|Niv. 150
Précurseur majeur|Trophée|Niv. 150
Muraille Eau majeure|Trophée|Niv. 150
Infernano|Anneau|Niv. 150
Anneau Vae|Anneau|Niv. 150
Guérisseur majeur|Trophée|Niv. 150
Dévastateur Terre majeur|Trophée|Niv. 150
Dévastateur Eau majeur|Trophée|Niv. 150
Culbuteur majeur|Trophée|Niv. 150
Sanguinaire majeur|Trophée|Niv. 150
Bague Héra|Anneau|Niv. 150
Anneau Tassion|Anneau|Niv. 150
Anneau Zamour|Anneau|Niv. 150
Anneau Hell|Anneau|Niv. 150
Ravageur Feu majeur|Trophée|Niv. 150
Initiateur majeur|Trophée|Niv. 150
Acrobate majeur|Trophée|Niv. 150
Masque du Nowel Cauchemardesque|Chapeau|Niv. 150
Bloqueur majeur|Trophée|Niv. 150
Vagabond majeur|Trophée|Niv. 150
Bastion majeur|Trophée|Niv. 150
Paralyseur majeur|Trophée|Niv. 150
Muraille Terre majeure|Trophée|Niv. 150
Muraille Neutre majeure|Trophée|Niv. 150
Puissant majeur|Trophée|Niv. 150
Robuste majeur|Trophée|Niv. 150
Féroce majeur|Trophée|Niv. 150
Willkillsano|Anneau|Niv. 150
Obstructeur majeur|Trophée|Niv. 150
Fortification majeure|Trophée|Niv. 150
Évasif majeur|Trophée|Niv. 150
Fonceur majeur|Trophée|Niv. 150
Carapace Neutre majeur|Trophée|Niv. 150
Carapace Air majeur|Trophée|Niv. 150
Krépite|Chapeau|Niv. 149
Ceinture du Minotot|Ceinture|Niv. 149
Cape Phossile|Cape|Niv. 149
Bracelet du Minotot|Anneau|Niv. 149
Ceinture Bitoufale de Prosper Youpla|Ceinture|Niv. 148
Cape Itaineflam|Cape|Niv. 148
Anneau Frage|Anneau|Niv. 148
Ceinture Phossile|Ceinture|Niv. 147
Amulette de Frigostine|Amulette|Niv. 147
Anneau Nobstant|Anneau|Niv. 146
Cape du Père Phorreur|Cape|Niv. 146
Sandales Gorithme|Bottes|Niv. 146
Bouclier du Mont Kipou|Bouclier|Niv. 145
Coiffe du Chêne Mou|Chapeau|Niv. 145
Piruk|Chapeau|Niv. 145
Casque du Bwork de Bronze|Chapeau|Niv. 144
Nageoiture|Ceinture|Niv. 144
Cape du Mansot Royal|Cape|Niv. 144
Anneau de Frigostine|Anneau|Niv. 144
La Meulette|Amulette|Niv. 143
Cape Usée du Chêne Mou|Cape|Niv. 142
Bottes de Frigostine|Bottes|Niv. 142
String Automnal du Chêne Mou|Ceinture|Niv. 141
Coiffe du Meulou|Chapeau|Niv. 141
Anneau Made|Anneau|Niv. 141
Ceinture de Frigostine|Ceinture|Niv. 140
Bouclier Ventaille|Bouclier|Niv. 140
Anneau du Mansot Royal|Anneau|Niv. 140
Sac des Firefoux|Sac à dos|Niv. 140
Anneau du Chêne Mou|Anneau|Niv. 139
Cape du Meulou|Cape|Niv. 139
Ceinture d'artifices|Ceinture|Niv. 138
Talisman du Chêne Mou|Amulette|Niv. 138
Coiffe Médusoïde|Chapeau|Niv. 138
Bottes Hoktone|Bottes|Niv. 138
Pagniglou|Ceinture|Niv. 137
Talisman Doline|Amulette|Niv. 137
Couronne du Mansot Royal|Chapeau|Niv. 136
Alliance des Firefoux|Anneau|Niv. 136
Nageanneau|Anneau|Niv. 136
Tongues du dimanche du Chêne Mou|Bottes|Niv. 136
Bottines en bois d'abrakleur|Bottes|Niv. 135
Bouclier Feudala|Bouclier|Niv. 135
Talisman d'Elya Wood|Amulette|Niv. 135
Collier Cérémonial du Seigneur des Rats|Amulette|Niv. 134
Masque de l'Abrakleur clair|Chapeau|Niv. 134
Casque du Guerrier Zoth|Chapeau|Niv. 134
Bottes Cérémoniales du Seigneur des Rats|Bottes|Niv. 134
Bandeau Kaliptus|Chapeau|Niv. 133
Amulette d'Ali Grothor|Amulette|Niv. 133
Coiffe Cérémoniale du Seigneur des Rats|Chapeau|Niv. 133
Chapeau Truche|Chapeau|Niv. 133
Cacture|Ceinture|Niv. 133
Ceinture Cérémoniale du Seigneur des Rats|Ceinture|Niv. 133
Masque du Sergent Zoth|Chapeau|Niv. 133
Masque de Pantèroz|Chapeau|Niv. 133
Gant du Capitaine Ekarlatte|Anneau|Niv. 132
Casque d'Ali Grothor|Chapeau|Niv. 132
Amulette d'El Piko|Amulette|Niv. 132
Larme de Nagate|Amulette|Niv. 132
Crache-feu Firefoux|Sac à dos|Niv. 132
Anneau Cérémonial du Seigneur des Rats|Anneau|Niv. 131
Cascterre|Chapeau|Niv. 131
Gruchette|Amulette|Niv. 131
Bottes du Meulou|Bottes|Niv. 131
Cape Ricieuse|Cape|Niv. 131
Ceinture Buhlent|Ceinture|Niv. 130
Sangle Cible|Ceinture|Niv. 130
Gaine Hage|Ceinture|Niv. 130
Ceinture Blot|Ceinture|Niv. 130
Anneau Truche|Anneau|Niv. 130
Ceinture Billonnante|Ceinture|Niv. 130
Plimclik|Amulette|Niv. 130
Sangle Hynère|Ceinture|Niv. 130
Gruchape|Cape|Niv. 130
Bottes du Capitaine Ekarlatte|Bottes|Niv. 130
L'Élémenture|Ceinture|Niv. 130
Anneau d'El Piko|Anneau|Niv. 130
Bouclier du Sadida|Bouclier|Niv. 130
Ceinture Pitude|Ceinture|Niv. 130
Collier de perlouzes|Amulette|Niv. 130
Ceinture Lupine|Ceinture|Niv. 130
Sangle Huée|Ceinture|Niv. 130
Coiffe du Fricochère|Chapeau|Niv. 130
Sangle Hyssérine|Ceinture|Niv. 130
Corde Ure|Ceinture|Niv. 130
Sac à Croquer|Sac à dos|Niv. 130
Sangle Glinglin|Ceinture|Niv. 130
Sangle Holon|Ceinture|Niv. 130
Sangle Hans|Ceinture|Niv. 130
Ceinture Bodiézèle|Ceinture|Niv. 130
Bouclier d'entraînement au Pandasiman|Bouclier|Niv. 130
Cape Cérémoniale du Seigneur des Rats|Cape|Niv. 130
Ceinture Luthe|Ceinture|Niv. 130
Ceinture Gessant|Ceinture|Niv. 130
Ceinture du Royalmouth|Ceinture|Niv. 130
Ceinture Leumant|Ceinture|Niv. 130
Casque Dragoeuf|Chapeau|Niv. 129
Doro le Blak|Chapeau|Niv. 129
Ceinture Meulante|Ceinture|Niv. 129
Anneau Tranchant|Anneau|Niv. 129
Capterre|Cape|Niv. 129
Chapeau de la Gamine Zoth|Chapeau|Niv. 128
Amulette du Royalmouth|Amulette|Niv. 128
Ceintruche|Ceinture|Niv. 128
Caparavent|Cape|Niv. 128
Bottes du Dragoeuf|Bottes|Niv. 128
Coiffe du Disciple Zoth|Chapeau|Niv. 128
Kwaflaque|Chapeau|Niv. 128
Chapeau Kassé|Chapeau|Niv. 128
Ceinture du Capitaine Ekarlatte|Ceinture|Niv. 128
Sombrero d'El Piko|Chapeau|Niv. 128
String Fouetteur|Ceinture|Niv. 128
Couronne du Tofu Royal|Chapeau|Niv. 128
Croquasque|Chapeau|Niv. 128
Anneau du Dragoeuf|Anneau|Niv. 127
Coffresac du Koalak|Sac à dos|Niv. 127
Corbacape Mastralis|Cape|Niv. 127
Amulette Ementaire|Amulette|Niv. 127
Gruchaussures|Bottes|Niv. 127
Casque de l'Écumouth|Chapeau|Niv. 127
Anneau Moutheur|Anneau|Niv. 127
Anneau du Meulou|Anneau|Niv. 126
Ceinture du Dragoeuf|Ceinture|Niv. 126
Ceinture Claire en Abrakleur|Ceinture|Niv. 126
Bottes Croquantes|Bottes|Niv. 126
Cape d'Ali Grothor|Cape|Niv. 126
Kwarapace|Sac à dos|Niv. 126
Les Casse-noisettes|Anneau|Niv. 126
Ortiz|Cape|Niv. 125
Bouclier des Brigandins|Bouclier|Niv. 125
Médaille Kido|Amulette|Niv. 125
Cape Dragoeuf|Cape|Niv. 125
Coiffe du Royalmouth|Chapeau|Niv. 125
Xénature|Ceinture|Niv. 125
Ceinture du Meulou|Ceinture|Niv. 125
Cape Xélomorphe|Cape|Niv. 125
Ceinture Sula|Ceinture|Niv. 125
Coiffe de Fraktale|Chapeau|Niv. 124
Amulette du Dragoeuf|Amulette|Niv. 124
Cape Mouthante|Cape|Niv. 124
Bottes Xélomorphes|Bottes|Niv. 123
La Feuille de Printemps|Amulette|Niv. 123
Bottes Harry|Bottes|Niv. 123
Kaskargo|Chapeau|Niv. 123
Ceinture du Wabbit Garou|Ceinture|Niv. 123
Holoune|Chapeau|Niv. 122
Ceinture de Fraktale|Ceinture|Niv. 122
Anneau du Wabbit Céphale|Anneau|Niv. 122
Bottes Animales Sombres|Bottes|Niv. 122
Sandales Titude|Bottes|Niv. 122
Bague Moutheuze|Anneau|Niv. 121
Bottes du Wabbit Garou|Bottes|Niv. 121
Caracape Minotoris|Cape|Niv. 121
Bouclier en Slip|Bouclier|Niv. 120
Dora Bora|Chapeau|Niv. 120
Bottes d'Inferno|Bottes|Niv. 120
Anneau de Fraktale|Anneau|Niv. 120
Ceinture Corbaquiale|Ceinture|Niv. 120
Bottes de Will Killson|Bottes|Niv. 120
Bottes de Styx|Bottes|Niv. 120
Bottes de Mandrin|Bottes|Niv. 120
Domakuro|Dofus|Niv. 120
Cape du Wabbit Garou|Cape|Niv. 119
Alliance d'Elya Wood|Anneau|Niv. 119
Bottes du Wabbit Céphale|Bottes|Niv. 119
Bottes du Royalmouth|Bottes|Niv. 118
Amulette du Renouveau|Amulette|Niv. 118
Bottes du Pounicheur|Bottes|Niv. 118
Solomonk|Chapeau|Niv. 118
Anneau Xélomorphe|Anneau|Niv. 117
Krokop|Chapeau|Niv. 117
Ceinture de l'Amant d'Ha|Ceinture|Niv. 117
Scalp du Pounicheur|Chapeau|Niv. 117
Koloss|Chapeau|Niv. 116
Sandales Humeuses|Bottes|Niv. 116
Amulette du Wabbit Céphale|Amulette|Niv. 116
Kanistère|Chapeau|Niv. 115
Bouclier Terrdala|Bouclier|Niv. 115
Anneau Skargo|Anneau|Niv. 115
Ceinture du Pounicheur|Ceinture|Niv. 114
Bague des Ecaflipuces|Anneau|Niv. 114
Collier des Ecaflipuces|Amulette|Niv. 114
Abracaska Ancestral|Chapeau|Niv. 114
Ceinture Abdominable|Ceinture|Niv. 114
Anneau Ancestral|Anneau|Niv. 113
Phalène|Chapeau|Niv. 113
Bottes du Minotoror|Bottes|Niv. 113
Abracapa Ancestrale|Cape|Niv. 112
Cape des Ecaflipuces|Cape|Niv. 112
Capistil|Cape|Niv. 112
Collier du Minotoror|Amulette|Niv. 111
Abrature Ancestrale|Ceinture|Niv. 111
La Bekille|Chapeau|Niv. 111
Puissante Cape Fulgurante|Cape|Niv. 110
Casque de Flèche Mauve|Chapeau|Niv. 110
Dofus Pourpre|Dofus|Niv. 110
Coiffe du Bimd'Oule|Chapeau|Niv. 110
Protège-Tibias Ancestraux|Bottes|Niv. 110
Dotruche|Dofus|Niv. 110
Torque Ancestral|Amulette|Niv. 110
Bouclier d'Asse|Bouclier|Niv. 110
Bulbouclier|Bouclier|Niv. 110
Coiffe de la Dragueuse|Chapeau|Niv. 109
Cape de Flèche Mauve|Cape|Niv. 109
Ceinture du Minotoror|Ceinture|Niv. 109
Coiffe du Draguaindrop|Chapeau|Niv. 109
Anneau du Dragon Cochon|Anneau|Niv. 108
Blémiche|Chapeau|Niv. 108
Plantamulette|Amulette|Niv. 108
Cape du Minotoror|Cape|Niv. 107
Amulette du Krokilleur|Amulette|Niv. 107
Raquettes Dugraal|Bottes|Niv. 107
Ceintrouille|Ceinture|Niv. 106
Araknacoiffe Velue|Chapeau|Niv. 106
Insigne de Keukeuf|Amulette|Niv. 106
Boutures|Bottes|Niv. 106
Coiffe du Gaddie|Chapeau|Niv. 106
Cape du Rat Noir|Cape|Niv. 105
Casque du Berserkoffre|Chapeau|Niv. 105
Cape Houte|Cape|Niv. 105
Coiffe du Rat Blanc|Chapeau|Niv. 105
Le Karde Cœur|Bouclier|Niv. 105
Ouassulette|Amulette|Niv. 105
Capuche de la Ouassingue|Chapeau|Niv. 104
Cape Précieuse|Cape|Niv. 104
Fourballiance|Anneau|Niv. 104
Fourbabottes|Bottes|Niv. 104
Chapitrouille|Chapeau|Niv. 104
Bracelet Tmotiv|Anneau|Niv. 104
Ceinture du Krokilleur|Ceinture|Niv. 104
Cape du Dragon Cochon|Cape|Niv. 103
Collier du Rat Noir|Amulette|Niv. 103
Bottes du Gorgouille|Bottes|Niv. 103
Ceinture Fourbissante|Ceinture|Niv. 103
Cape de Moon|Cape|Niv. 103
Fourbamulette|Amulette|Niv. 103
Chapeau du Mineur Sombre|Chapeau|Niv. 103
Coiffe du Muloubar|Chapeau|Niv. 103
Masque du Rat Noir|Chapeau|Niv. 102
Collier du Rat Blanc|Amulette|Niv. 102
Masque Iproquo|Chapeau|Niv. 102
Amulette de Moon|Amulette|Niv. 102
Cape du Rat Blanc|Cape|Niv. 102
Ceinture du Rat Blanc|Ceinture|Niv. 102
Scaramouchapeau|Chapeau|Niv. 102
Bottes du Berserkoffre|Bottes|Niv. 102
Bottes du Rat Noir|Bottes|Niv. 101
Gantelet du Rat Blanc|Anneau|Niv. 101
Cape du Krokilleur|Cape|Niv. 101
Kabuto|Chapeau|Niv. 101
Capitrouille|Cape|Niv. 101
Ceinture du Rat Noir|Ceinture|Niv. 101
Ceinture Hétorique|Ceinture|Niv. 101
Ceinture Précieuse|Ceinture|Niv. 101
Fourbacapa|Cape|Niv. 101
Fourbacoiffe|Chapeau|Niv. 100
Bracelet du Chef Bwork|Anneau|Niv. 100
Bottes Antrin|Bottes|Niv. 100
Chaussures Lepon-Davignon|Bottes|Niv. 100
Bottes Opsy|Bottes|Niv. 100
Engourdisseur|Trophée|Niv. 100
Adamantin|Trophée|Niv. 100
Cuirassé Eau|Trophée|Niv. 100
Porteur|Trophée|Niv. 100
Acrobate|Trophée|Niv. 100
Savant|Trophée|Niv. 100
Survivant|Trophée|Niv. 100
Krosmangle|Ceinture|Niv. 100
Krosmaussures|Bottes|Niv. 100
Forcené|Trophée|Niv. 100
Astucieux|Trophée|Niv. 100
Taquin|Trophée|Niv. 100
Saccageur Neutre|Trophée|Niv. 100
Saccageur Eau|Trophée|Niv. 100
Saccageur Air|Trophée|Niv. 100
Imprenable|Trophée|Niv. 100
Bousculeur|Trophée|Niv. 100
Muraille Neutre|Trophée|Niv. 100
Voyageur|Trophée|Niv. 100
Déserteur|Trophée|Niv. 100
Enragé|Trophée|Niv. 100
Fortification|Trophée|Niv. 100
Dévastateur Feu|Trophée|Niv. 100
Temporiseur|Trophée|Niv. 100
Cavaleur|Trophée|Niv. 100
Culbuteur|Trophée|Niv. 100
Carapace Neutre|Trophée|Niv. 100
Carapace Feu|Trophée|Niv. 100
Carapace Air|Trophée|Niv. 100
Bottes Harcie|Bottes|Niv. 100
Dofus Émeraude|Dofus|Niv. 100
Amulette du Chef Bwork|Amulette|Niv. 100
Sabots Taj|Bottes|Niv. 100
Tacleur|Trophée|Niv. 100
Ralentisseur|Trophée|Niv. 100
Fugitif|Trophée|Niv. 100
Ravageur Air|Trophée|Niv. 100
Ravageur Eau|Trophée|Niv. 100
Ravageur Terre|Trophée|Niv. 100
Furibond|Trophée|Niv. 100
Dolmanax|Dofus|Niv. 100
Saccageur Feu|Trophée|Niv. 100
Inflexible|Trophée|Niv. 100
Féroce|Trophée|Niv. 100
Ceinture Ding Dong|Ceinture|Niv. 100
Bottes Ransitoires|Bottes|Niv. 100
Dévastateur Neutre|Trophée|Niv. 100
Dévastateur Eau|Trophée|Niv. 100
Évasif|Trophée|Niv. 100
Solide|Trophée|Niv. 100
Carapace Eau|Trophée|Niv. 100
Remueur|Trophée|Niv. 100
Billréole|Chapeau|Niv. 100
Bottes Ulisme|Bottes|Niv. 100
Bottes Swana|Bottes|Niv. 100
Bottes Antouche|Bottes|Niv. 100
Insaisissable|Trophée|Niv. 100
Cuirassé Air|Trophée|Niv. 100
Cuirassé Neutre|Trophée|Niv. 100
Ravageur Feu|Trophée|Niv. 100
Ravageur Neutre|Trophée|Niv. 100
Initiateur|Trophée|Niv. 100
Joueur|Trophée|Niv. 100
Equilibriste|Trophée|Niv. 100
Evanescent|Trophée|Niv. 100
Muraille Terre|Trophée|Niv. 100
Muraille Feu|Trophée|Niv. 100
Muraille Air|Trophée|Niv. 100
Puissant|Trophée|Niv. 100
Dofus des Veilleurs|Dofus|Niv. 100
Miraculé|Trophée|Niv. 100
Chanceux|Trophée|Niv. 100
Vigoureux|Trophée|Niv. 100
Bottes Initiales|Bottes|Niv. 100
Slip du Chef Bwork|Ceinture|Niv. 100
Collier du Dragon Cochon|Amulette|Niv. 100
Charentaises à poils|Bottes|Niv. 100
Bottes Hox|Bottes|Niv. 100
Bottes Hairo|Bottes|Niv. 100
Getas Bernacle|Bottes|Niv. 100
Bottes Horchons|Bottes|Niv. 100
Fuyard|Trophée|Niv. 100
Cuirassé Terre|Trophée|Niv. 100
Soigneur|Trophée|Niv. 100
Bottes Omates|Bottes|Niv. 100
Saccageur Terre|Trophée|Niv. 100
Entraveur|Trophée|Niv. 100
Paralyseur|Trophée|Niv. 100
Muraille Eau|Trophée|Niv. 100
Turbulent|Trophée|Niv. 100
Scaphandre Magmatique|Chapeau|Niv. 100
Ceinture du Berserkoffre|Ceinture|Niv. 100
Érudit|Trophée|Niv. 100
Étourdisseur|Trophée|Niv. 100
Fonceur|Trophée|Niv. 100
Carapace Terre|Trophée|Niv. 100
Nomade|Trophée|Niv. 100
Sanguinaire|Trophée|Niv. 100
Bottes du Chef Bwork|Bottes|Niv. 100
Cape du Chef Bwork|Cape|Niv. 100
Casque du Chef Bwork|Chapeau|Niv. 100
Dofus Kaliptus|Dofus|Niv. 100
Bottes Hanik|Bottes|Niv. 100
Tong Aclou|Bottes|Niv. 100
Bottes Deuradi|Bottes|Niv. 100
Pousseur|Trophée|Niv. 100
Rempart|Trophée|Niv. 100
Cuirassé Feu|Trophée|Niv. 100
Bloqueur|Trophée|Niv. 100
Vagabond|Trophée|Niv. 100
Docteur|Trophée|Niv. 100
Bastion|Trophée|Niv. 100
Précurseur|Trophée|Niv. 100
Robuste|Trophée|Niv. 100
Obstructeur|Trophée|Niv. 100
Guérisseur|Trophée|Niv. 100
Cascadeur|Trophée|Niv. 100
Dévastateur Terre|Trophée|Niv. 100
Dévastateur Air|Trophée|Niv. 100
Coupe de Dragokart|Bouclier|Niv. 100
Cape du Muloubar|Cape|Niv. 100
Anneau du Minotoror|Anneau|Niv. 99
Bottes du Rat Blanc|Bottes|Niv. 99
Cape du Gorgouille|Cape|Niv. 99
Chapeau Feudala|Chapeau|Niv. 98
Bottes Précieuses|Bottes|Niv. 98
Anneau du Rat Noir|Anneau|Niv. 98
Casque de Maître Nabur|Chapeau|Niv. 97
Gantelet du Gorgouille|Anneau|Niv. 97
Pagne du Muloubar|Ceinture|Niv. 97
Brighellanière|Ceinture|Niv. 97
Ceinture Chouqueuse|Ceinture|Niv. 96
Amulette du Gorgouille|Amulette|Niv. 96
Coiffe du Dragon Cochon|Chapeau|Niv. 96
Bottes Dorées d'Hogmeiser|Bottes|Niv. 95
La Feuille d'Hiver|Amulette|Niv. 95
Bouclier Aerdala|Bouclier|Niv. 95
Bottes Animales|Bottes|Niv. 94
La Résinette|Amulette|Niv. 94
Alliance du Capitaine Pirate|Anneau|Niv. 94
Caparak|Cape|Niv. 94
Chapeau du Capitaine Pirate|Chapeau|Niv. 93
Bottes Soyeuses|Bottes|Niv. 93
Anneau Tissé|Anneau|Niv. 93
Ceinture sombre en Abrakleur|Ceinture|Niv. 92
Amulette des Huit Yeux|Amulette|Niv. 92
Cape du Capitaine Pirate|Cape|Niv. 92
Cape Feudala|Cape|Niv. 92
Bottes de Choudini|Bottes|Niv. 92
Masque Riktus|Chapeau|Niv. 92
Mules du Dragon Cochon|Bottes|Niv. 91
Amulette Feudala|Amulette|Niv. 91
Gaine Nyée|Ceinture|Niv. 90
Bloptes Multicolores Royales|Bottes|Niv. 90
Coiffe de la Néfileuse|Chapeau|Niv. 90
Ftalmo|Bouclier|Niv. 90
Bouclier de Choudini|Bouclier|Niv. 90
Cape Riktus|Cape|Niv. 90
Alliance des Forestiers|Anneau|Niv. 90
Blopanneau Multicolore Royal|Anneau|Niv. 90
Amublop Multicolore Royale|Amulette|Niv. 90
La Feuille d'Automne|Amulette|Niv. 89
Anneau K'Tuelle|Anneau|Niv. 88
Anneau Riktus|Anneau|Niv. 88
Blopture Multicolore Royale|Ceinture|Niv. 88
Masque de Choudini|Chapeau|Niv. 88
La Brouteuse|Cape|Niv. 88
Masque de l'Abrakleur sombre|Chapeau|Niv. 87
Alliance de Farle|Anneau|Niv. 87
Bottes Du Craqueleur Légendaire|Bottes|Niv. 86
Ceinture de Sangroku|Ceinture|Niv. 86
Collier Rouge de Daïgoro|Amulette|Niv. 86
Coiffe de Redolphe|Chapeau|Niv. 85
Bouclier du Chouque|Bouclier|Niv. 85
Sacoche de Redolphe|Sac à dos|Niv. 85
Sabots de Redolphe|Bottes|Niv. 85
Licol de Redolphe|Amulette|Niv. 85
Amulette du Craqueleur Légendaire|Amulette|Niv. 84
Craquelocape Légendaire|Cape|Niv. 84
Anneau du Mineur Gogorifiant|Anneau|Niv. 84
Ceinture des Vents|Ceinture|Niv. 84
Bracelet du Blanc Pa Wabbit|Anneau|Niv. 84
Ceinture du Wa Wobot|Ceinture|Niv. 83
Coiffe de Daïgoro|Chapeau|Niv. 83
Ceinture du Blanc Pa Wabbit|Ceinture|Niv. 83
Amufafah|Amulette|Niv. 83
Bottes du Gardien des Égouts|Bottes|Niv. 83
Bottes Ouroboulos|Bottes|Niv. 83
Amulette de la Bouboule|Amulette|Niv. 83
Casque du Blanc Pa Wabbit|Chapeau|Niv. 82
Pagne de Daïgoro|Ceinture|Niv. 82
Coiffennex|Chapeau|Niv. 82
Amulette Argie|Amulette|Niv. 82
Coiffe du Koulosse|Chapeau|Niv. 82
Cape du Wa Wobot|Cape|Niv. 81
Ceinture Mulante|Ceinture|Niv. 81
Ceinture Feudala|Ceinture|Niv. 81
Cape de la Ouassingue|Cape|Niv. 81
La Bertheuze|Chapeau|Niv. 81
Alliance Feudala|Anneau|Niv. 81
Cape d'Elya Wood|Cape|Niv. 80
Puissante Ceinture Fulgurante|Ceinture|Niv. 80
Farlature|Ceinture|Niv. 80
Cape de Shika|Cape|Niv. 80
Cape Lyne|Cape|Niv. 80
Cape Haharnum|Cape|Niv. 80
Blopanneau Griotte Royal|Anneau|Niv. 80
Blopanneau Reinette Royal|Anneau|Niv. 80
Amublop Griotte Royale|Amulette|Niv. 80
Amublop Coco Royale|Amulette|Niv. 80
Amublop Indigo Royale|Amulette|Niv. 80
Bloptes Reinette Royales|Bottes|Niv. 80
Cape Rimordiale|Cape|Niv. 80
Cape Hoile|Cape|Niv. 80
Sabots de Shika|Bottes|Niv. 80
Cape Aurale|Cape|Niv. 80
Cape Huchon|Cape|Niv. 80
Cape Hitton|Cape|Niv. 80
Cape Wéra|Cape|Niv. 80
Amublop Reinette Royale|Amulette|Niv. 80
Bloptes Coco Royales|Bottes|Niv. 80
Bloptes Indigo Royales|Bottes|Niv. 80
Blopture Indigo Royale|Ceinture|Niv. 80
Sac Rebleux|Sac à dos|Niv. 80
Couronne du Wa Wobot|Chapeau|Niv. 80
Cape Ortail|Cape|Niv. 80
Shikature|Ceinture|Niv. 80
Bloptes Griotte Royales|Bottes|Niv. 80
Blopture Griotte Royale|Ceinture|Niv. 80
Blopture Reinette Royale|Ceinture|Niv. 80
Cape Endaison|Cape|Niv. 80
String Léolhyène|Ceinture|Niv. 80
Sabots de Farle|Bottes|Niv. 80
Shikacoiffe|Chapeau|Niv. 80
Cape Ytale|Cape|Niv. 80
Cape Hulco|Cape|Niv. 80
Blopanneau Coco Royal|Anneau|Niv. 80
Blopanneau Indigo Royal|Anneau|Niv. 80
Blopture Coco Royale|Ceinture|Niv. 80
Dokille|Dofus|Niv. 80
Anneau Ouroboulos|Anneau|Niv. 80
Bouclier de Sidimote|Bouclier|Niv. 80
Casque du Craqueleur Légendaire|Chapeau|Niv. 80
Cape Aillé|Cape|Niv. 80
Cape Routh|Cape|Niv. 80
Cape Sulhit|Cape|Niv. 80
Cape Hadosse|Cape|Niv. 80
Cape Aircussion|Cape|Niv. 80
Dokoko|Dofus|Niv. 80
Ceinture du Craqueleur Légendaire|Ceinture|Niv. 79
Bracelet Magique de Farle|Anneau|Niv. 79
Couronne du Roi Gelax|Chapeau|Niv. 79
Cape du Désert|Cape|Niv. 79
Amulette Terrdala|Amulette|Niv. 78
Farlacoiffe|Chapeau|Niv. 78
Ceinture de Nelween|Ceinture|Niv. 78
Cape Ouroboulos|Cape|Niv. 78
Ceinture Dracochoune|Ceinture|Niv. 77
La Doubitch O'Boul|Amulette|Niv. 77
Octovius|Chapeau|Niv. 77
Alliance Terrdala|Anneau|Niv. 77
Geta Terrdala|Bottes|Niv. 76
Sandales Adin|Bottes|Niv. 76
Epis de Shika|Amulette|Niv. 76
Cape de Farle|Cape|Niv. 76
Chapeau Terrdala|Chapeau|Niv. 75
Bouclier Akwadala|Bouclier|Niv. 75
Bottes d'Hogmeiser|Bottes|Niv. 75
Epis de Farle|Amulette|Niv. 75
Chapeau de Barbroussa|Chapeau|Niv. 74
Amulette de Nelween|Amulette|Niv. 74
Bottes de Nelween|Bottes|Niv. 74
Korko Kousto|Chapeau|Niv. 73
Bracelet Magique de Shika|Anneau|Niv. 73
Bottes du Koulosse|Bottes|Niv. 73
Bottes Orino|Bottes|Niv. 72
Craquanneau Légendaire|Anneau|Niv. 72
Amulette du Scorbute|Amulette|Niv. 72
Ceinture d'une Femme en Or|Ceinture|Niv. 71
Cape Hucine|Cape|Niv. 71
Anneau de Loopine|Anneau|Niv. 71
Cape de Nelween|Cape|Niv. 71
Bracelet du Chef Crocodaille|Anneau|Niv. 70
Cape du Scorbute|Cape|Niv. 70
Amulette du Chef Crocodaille|Amulette|Niv. 70
Ceinture Aerdala|Ceinture|Niv. 70
Petit sac d'écolier du Chef Crocodaille|Sac à dos|Niv. 70
Coiffe du Chef Crocodaille|Chapeau|Niv. 70
Bouclier du Chef Crocodaille|Bouclier|Niv. 70
La Maîtrise des Poupées|Amulette|Niv. 69
Pantoufles Crochues du Chef Crocodaille|Bottes|Niv. 69
Sac du Koulosse|Sac à dos|Niv. 69
Casque du Scorbute|Chapeau|Niv. 68
Geta Feudala|Bottes|Niv. 68
Anneau Bsène|Anneau|Niv. 68
La Xerbo|Ceinture|Niv. 67
Anneau Nime|Anneau|Niv. 67
Cape du Désir O'Boul|Cape|Niv. 67
Perruque de Iop|Chapeau|Niv. 66
Anneau Poli|Anneau|Niv. 66
Ceinture du Chef Crocodaille|Ceinture|Niv. 66
Cape Aerdala|Cape|Niv. 65
Derma Tho|Bouclier|Niv. 65
Ceinture Ouginakale|Ceinture|Niv. 65
Anneau Fioutioure|Anneau|Niv. 65
Cape du Mulou|Cape|Niv. 64
Boufbamu|Amulette|Niv. 64
Bottes de l'Eleveur de Bouftous|Bottes|Niv. 64
Chapeau Aerdala|Chapeau|Niv. 64
Dragocoiffe Calcaire|Chapeau|Niv. 63
Amulette Turquoise|Amulette|Niv. 63
Dragocoiffe Argile|Chapeau|Niv. 63
Dragocoiffe Charbon|Chapeau|Niv. 63
Tongues Baques|Bottes|Niv. 63
La Poilue|Cape|Niv. 63
Dragocoiffe Ardoise|Chapeau|Niv. 63
Cape Terrdala|Cape|Niv. 63
Amupapier|Amulette|Niv. 62
Moon Boutse|Bottes|Niv. 62
Amulette Aerdala|Amulette|Niv. 62
Cape du Kitsou|Cape|Niv. 62
Ceinture Anesthésiante|Ceinture|Niv. 62
Cape de la Meupette|Cape|Niv. 61
Phéro-Cape|Cape|Niv. 61
Anokio|Anneau|Niv. 61
Le Flan des Étoiles|Amulette|Niv. 61
Coiffe du Mulou|Chapeau|Niv. 61
Coiffe du Kitsou|Chapeau|Niv. 61
Bottines du Mulou|Bottes|Niv. 61
Cape du Koalak|Cape|Niv. 61
Cape Flotteuse|Cape|Niv. 61
Slipapier|Ceinture|Niv. 61
Couronne du Wa Wabbit|Chapeau|Niv. 60
Dofus Cawotte|Dofus|Niv. 60
Gelobottes|Bottes|Niv. 60
Ceinture Tortue Bleue|Ceinture|Niv. 60
Amourlette Hernel|Amulette|Niv. 60
Ceinturoduvet|Ceinture|Niv. 60
Bottoduvet|Bottes|Niv. 60
Cape du Wa Wabbit|Cape|Niv. 60
Amulette du Koalak|Amulette|Niv. 60
Alliance de Corail|Anneau|Niv. 60
Caracoiffe|Chapeau|Niv. 60
Caracape|Cape|Niv. 60
Amourlette Hernelle|Amulette|Niv. 60
Gelocoiffe|Chapeau|Niv. 60
Gelano|Anneau|Niv. 60
Tongues Wabbits|Bottes|Niv. 60
Bottes du Koalak|Bottes|Niv. 60
Justanneau|Anneau|Niv. 60
Bottes des 1001 Griffes|Bottes|Niv. 60
Culotte des 1001 Griffes|Ceinture|Niv. 60
Bouclier du Bawbawe|Bouclier|Niv. 60
Sac du Grand Aventurier|Sac à dos|Niv. 60
Geloture|Ceinture|Niv. 60
Gelamu|Amulette|Niv. 60
Carabottes|Bottes|Niv. 60
Ceinture Tortue Jaune|Ceinture|Niv. 60
Ceinture Tortue Verte|Ceinture|Niv. 60
Ceinture Tortue Rouge|Ceinture|Niv. 60
Amulette "Dents de Wabbits"|Amulette|Niv. 60
Sac-Cawotte|Sac à dos|Niv. 60
Ceinture du Koalak|Ceinture|Niv. 60
Coiffe du Koalak|Chapeau|Niv. 60
Pendentif Curatif|Amulette|Niv. 60
Torque des 1001 Griffes|Amulette|Niv. 60
L'Enutrofion|Anneau|Niv. 59
Slip Kangouwou du Wabbit GM|Ceinture|Niv. 59
Anneau Merta|Anneau|Niv. 59
Anneau de Piggy Paupe|Anneau|Niv. 59
Boracelet|Anneau|Niv. 59
Chapeau H'lnor|Chapeau|Niv. 59
Plumamulette|Amulette|Niv. 59
Gelocape|Cape|Niv. 59
Oreilles de Wabbits|Chapeau|Niv. 59
Bottoppinz|Bottes|Niv. 59
Anneau Stroplante|Anneau|Niv. 59
Justobottes|Bottes|Niv. 59
Anauffe-souris|Anneau|Niv. 59
Anneau Welle|Anneau|Niv. 59
Anneau du Jeune Vald|Anneau|Niv. 59
Alliance Apaisante|Anneau|Niv. 59
Souliers Pineux|Bottes|Niv. 59
Anneau Ha|Anneau|Niv. 58
Bottinokio|Bottes|Niv. 58
Bracelet du Vulkain|Anneau|Niv. 58
Amulette du Kitsou|Amulette|Niv. 58
Scaracape Dorée|Cape|Niv. 58
Anoppinz|Anneau|Niv. 58
Souliers Vernis Bruns|Bottes|Niv. 58
Scaracoiffe Dorée|Chapeau|Niv. 58
Amulette de Piggy Paupe|Amulette|Niv. 58
Ceintusonnier|Ceinture|Niv. 58
Bottes de Kabroule|Bottes|Niv. 58
Amulette Stroplante|Amulette|Niv. 58
Sandales Koliques|Bottes|Niv. 58
Amuloumulette|Amulette|Niv. 57
Amulette d'Hichète|Amulette|Niv. 57
Slip Vert|Ceinture|Niv. 57
Diplanneau|Anneau|Niv. 57
Bottauffe-souris|Bottes|Niv. 57
Geta Aerdala|Bottes|Niv. 57
Ceinture d'Ougicle|Ceinture|Niv. 57
Glaglamu|Amulette|Niv. 57
Mawabottes|Bottes|Niv. 57
Alliance Aerdala|Anneau|Niv. 57
Vegacape|Cape|Niv. 56
Cape Hôte|Cape|Niv. 56
Ceinture de Piggy Paupe|Ceinture|Niv. 56
Anneau de Mirh|Anneau|Niv. 56
Anneau Piaume|Anneau|Niv. 56
Bottes du Vulkain|Bottes|Niv. 56
Pendentiffre|Amulette|Niv. 56
Bottokami|Bottes|Niv. 56
Rondelle de Waddict|Anneau|Niv. 56
Sandales Ailuya|Bottes|Niv. 56
Anneau d'Ougicle|Anneau|Niv. 56
Ceinture d'Hichète|Ceinture|Niv. 56
Plumodales|Bottes|Niv. 56
Bottilozité|Bottes|Niv. 56
Sabottes de Danioule|Bottes|Niv. 56
Glaglano|Anneau|Niv. 55
Talisman du Faucheur d'Avoine|Amulette|Niv. 55
Ceinture de Mirh|Ceinture|Niv. 55
Anneau du Kitsou|Anneau|Niv. 55
Bottes de Lonne|Bottes|Niv. 55
Cape du Boufcoul|Cape|Niv. 55
Caskoffre|Chapeau|Niv. 55
Kloume|Bouclier|Niv. 55
Cape Fulgurante|Cape|Niv. 55
Ceinture du Dodu Trembleur|Ceinture|Niv. 55
Ceinture du Rat|Ceinture|Niv. 55
Kannipiou|Chapeau|Niv. 55
Diplamu|Amulette|Niv. 55
Scarabottes Dorées|Bottes|Niv. 54
Amusonnier|Amulette|Niv. 54
Anneau du Vulkain|Anneau|Niv. 54
Ceinture de Danioule|Ceinture|Niv. 54
Cape du Roks Or|Cape|Niv. 54
Annokami|Anneau|Niv. 54
Cape de Jules Yanos|Cape|Niv. 54
Anneau Karina|Anneau|Niv. 54
Anneau de Klüme|Anneau|Niv. 54
Amulette d'Ougicle|Amulette|Niv. 54
Kwakwaffe|Chapeau|Niv. 54
Bracilozité|Anneau|Niv. 54
Ceinture Bontarienne|Ceinture|Niv. 53
Ceinture Brâkmarienne|Ceinture|Niv. 53
Alliance Ethnique|Anneau|Niv. 53
Bottes d'Hulkrap|Bottes|Niv. 53
Amulette de Pwâk|Amulette|Niv. 53
Anneau du Koalak|Anneau|Niv. 53
Amulette d'Hulkrap|Amulette|Niv. 53
Amulette de Mirh|Amulette|Niv. 53
Boffes Cottre|Bottes|Niv. 53
Ceinture de Pandalida|Ceinture|Niv. 53
Collier de Féline|Amulette|Niv. 53
Bottes de Céleri-Thé|Bottes|Niv. 53
La Guenille|Cape|Niv. 53
Scaracoiffe Noire|Chapeau|Niv. 53
Ceinture du Roks Or|Ceinture|Niv. 53
Getas de Logram|Bottes|Niv. 53
Amulette de Kloug|Amulette|Niv. 53
Alliance d'Hichète|Anneau|Niv. 53
Ceinture Amincissante|Ceinture|Niv. 53
Amulette de Xélor|Amulette|Niv. 52
L'Œil de Kanigrou|Amulette|Niv. 52
Kwakwalliance|Anneau|Niv. 52
Amulette du Craqueleur des Plaines|Amulette|Niv. 52
Ceinture de Klüme|Ceinture|Niv. 52
Casque du Roks Or|Chapeau|Niv. 52
Bottes de Klüme|Bottes|Niv. 52
Kwakwanneau|Anneau|Niv. 52
Chapeau du Vulkain|Chapeau|Niv. 52
Bottes de l'Apprenti Invocateur|Bottes|Niv. 51
Ceinture d'Hulkrap|Ceinture|Niv. 51
Anneau de Kloug|Anneau|Niv. 51
Bottes de Karotz|Bottes|Niv. 51
Capilozité|Cape|Niv. 51
Ceinture de Coffreté|Ceinture|Niv. 51
Ballerines Roses|Bottes|Niv. 51
Anneau du Mulou|Anneau|Niv. 51
Scarature Dorée|Ceinture|Niv. 51
Ceinture de Kloug|Ceinture|Niv. 51
Anneau Tribal|Anneau|Niv. 51
Scaracape Noire|Cape|Niv. 51
Anneau du Roks Or|Anneau|Niv. 51
Médaille Oly|Amulette|Niv. 51
Bottes de Bowisse|Bottes|Niv. 50
Bottes d'Apprentissage|Bottes|Niv. 50
Makroute Sombre|Chapeau|Niv. 50
Blopanneau Reinette|Anneau|Niv. 50
Blopanneau Indigo|Anneau|Niv. 50
Insaisissable mineur|Trophée|Niv. 50
Cuirassé Eau mineur|Trophée|Niv. 50
Cuirassé Feu mineur|Trophée|Niv. 50
Initiateur mineur|Trophée|Niv. 50
Savant mineur|Trophée|Niv. 50
Survivant mineur|Trophée|Niv. 50
Equilibriste mineur|Trophée|Niv. 50
Entraveur mineur|Trophée|Niv. 50
Inflexible mineur|Trophée|Niv. 50
Muraille Neutre mineure|Trophée|Niv. 50
Muraille Air mineure|Trophée|Niv. 50
Examinateur|Trophée|Niv. 50
Féroce mineur|Trophée|Niv. 50
Miraculé mineur|Trophée|Niv. 50
Enragé mineur|Trophée|Niv. 50
Dévastateur Eau mineur|Trophée|Niv. 50
Étourdisseur mineur|Trophée|Niv. 50
Solide mineur|Trophée|Niv. 50
Ceinturonce|Ceinture|Niv. 50
Chaussettenlaine|Bottes|Niv. 50
Bouteille de chronoxygène|Sac à dos|Niv. 50
Masque Kanniboul|Chapeau|Niv. 50
Ceinture Kolante|Ceinture|Niv. 50
Anodindo|Anneau|Niv. 50
Amublop Reinette|Amulette|Niv. 50
Amublop Coco|Amulette|Niv. 50
Bloptes Reinette|Bottes|Niv. 50
Sac de Voyage du Parfait Petit Vulkain|Sac à dos|Niv. 50
Ralentisseur mineur|Trophée|Niv. 50
Cuirassé Terre mineur|Trophée|Niv. 50
Ravageur Eau mineur|Trophée|Niv. 50
Sabots Aiguilles de Féline|Bottes|Niv. 50
Bloqueur mineur|Trophée|Niv. 50
Astucieux mineur|Trophée|Niv. 50
Saccageur Feu mineur|Trophée|Niv. 50
Saccageur Air mineur|Trophée|Niv. 50
Paralyseur mineur|Trophée|Niv. 50
Muraille Terre mineure|Trophée|Niv. 50
Puissant mineur|Trophée|Niv. 50
Guérisseur mineur|Trophée|Niv. 50
Cascadeur mineur|Trophée|Niv. 50
Chanceux mineur|Trophée|Niv. 50
Fortification mineure|Trophée|Niv. 50
Dévastateur Neutre mineur|Trophée|Niv. 50
Temporiseur mineur|Trophée|Niv. 50
Carapace Neutre mineur|Trophée|Niv. 50
Dofus Cacao|Dofus|Niv. 50
Anneau Zocomial|Anneau|Niv. 50
Botodindo|Bottes|Niv. 50
Amublop Indigo|Amulette|Niv. 50
Blopture Griotte|Ceinture|Niv. 50
Blopture Reinette|Ceinture|Niv. 50
Blopture Coco|Ceinture|Niv. 50
Pousseur mineur|Trophée|Niv. 50
Rempart mineur|Trophée|Niv. 50
Cuirassé Air mineur|Trophée|Niv. 50
Cuirassé Neutre mineur|Trophée|Niv. 50
Soigneur mineur|Trophée|Niv. 50
Joueur mineur|Trophée|Niv. 50
Furibond mineur|Trophée|Niv. 50
Docteur mineur|Trophée|Niv. 50
Taquin mineur|Trophée|Niv. 50
Saccageur Terre mineur|Trophée|Niv. 50
Evanescent mineur|Trophée|Niv. 50
Précurseur mineur|Trophée|Niv. 50
Dés de la Chance|Amulette|Niv. 50
Obstructeur mineur|Trophée|Niv. 50
Dévastateur Terre mineur|Trophée|Niv. 50
Dévastateur Feu mineur|Trophée|Niv. 50
Évasif mineur|Trophée|Niv. 50
Fonceur mineur|Trophée|Niv. 50
Carapace Terre mineur|Trophée|Niv. 50
Carapace Feu mineur|Trophée|Niv. 50
Carapace Air mineur|Trophée|Niv. 50
Bouclier Fi'Squale|Bouclier|Niv. 50
Scaphandre chronomagique|Chapeau|Niv. 50
Ceinture Luthuthu|Ceinture|Niv. 50
Capodindo|Cape|Niv. 50
Blopanneau Griotte|Anneau|Niv. 50
Amublop Griotte|Amulette|Niv. 50
Bloptes Griottes|Bottes|Niv. 50
Bloptes Indigo|Bottes|Niv. 50
Anneau de Logram|Anneau|Niv. 50
Tacleur mineur|Trophée|Niv. 50
Fuyard mineur|Trophée|Niv. 50
Fugitif mineur|Trophée|Niv. 50
Ravageur Air mineur|Trophée|Niv. 50
Ravageur Feu mineur|Trophée|Niv. 50
Porteur mineur|Trophée|Niv. 50
Forcené mineur|Trophée|Niv. 50
Saccageur Eau mineur|Trophée|Niv. 50
Imprenable mineur|Trophée|Niv. 50
Muraille Feu mineure|Trophée|Niv. 50
Muraille Eau mineure|Trophée|Niv. 50
Érudit mineur|Trophée|Niv. 50
Cavaleur mineur|Trophée|Niv. 50
Observateur|Trophée|Niv. 50
Sanguinaire mineur|Trophée|Niv. 50
Amuronce|Amulette|Niv. 50
Dofus Cacao|Dofus|Niv. 50
Cape Ouginak|Cape|Niv. 50
Chapodindo|Chapeau|Niv. 50
Blopanneau Coco|Anneau|Niv. 50
Bloptes Coco|Bottes|Niv. 50
Blopture Indigo|Ceinture|Niv. 50
Engourdisseur mineur|Trophée|Niv. 50
Adamantin mineur|Trophée|Niv. 50
Ravageur Neutre mineur|Trophée|Niv. 50
Acrobate mineur|Trophée|Niv. 50
Ravageur Terre mineur|Trophée|Niv. 50
Vagabond mineur|Trophée|Niv. 50
Bastion mineur|Trophée|Niv. 50
Saccageur Neutre mineur|Trophée|Niv. 50
Bousculeur mineur|Trophée|Niv. 50
Robuste mineur|Trophée|Niv. 50
Déserteur mineur|Trophée|Niv. 50
Dévastateur Air mineur|Trophée|Niv. 50
Culbuteur mineur|Trophée|Niv. 50
Carapace Eau mineur|Trophée|Niv. 50
Vigoureux mineur|Trophée|Niv. 50
Chtévu|Ceinture|Niv. 49
String du Mulou|Ceinture|Niv. 49
Tutu Rose|Ceinture|Niv. 49
Ceinture de Gadjète|Ceinture|Niv. 49
Anneau de Gadjète|Anneau|Niv. 49
Casque du Chafer|Chapeau|Niv. 49
Cape Sanguine|Cape|Niv. 49
Anneau Rigami|Anneau|Niv. 49
Amulette de Logram|Amulette|Niv. 49
Amulette de la Boule|Amulette|Niv. 49
Ceinture Terrdala|Ceinture|Niv. 49
Ceinture Chafeuse|Ceinture|Niv. 49
Bottes de Ragalde|Bottes|Niv. 49
Sandales Papayou|Bottes|Niv. 49
Amulette de Karotz|Amulette|Niv. 49
Anneau Stradamus|Anneau|Niv. 48
Bracelet Gume|Anneau|Niv. 48
Kraignosse|Chapeau|Niv. 48
Ceinture de Flash Gorgone|Ceinture|Niv. 48
Amulette du Boostache|Amulette|Niv. 48
L'Adelus|Ceinture|Niv. 48
Abranneau Sombre|Anneau|Niv. 48
Scaranneau Noir|Anneau|Niv. 48
Ceinture Cristalline|Ceinture|Niv. 48
Caleçon à bretelles du Parrain|Ceinture|Niv. 48
Anneau de Karotz|Anneau|Niv. 48
Bottes d'Haku|Bottes|Niv. 48
Harmonie|Amulette|Niv. 47
Ceinture Noire de Frank Lee Bruce|Ceinture|Niv. 47
Coiffe du Boufcoul|Chapeau|Niv. 47
Lainture|Ceinture|Niv. 47
Amulette Papayou|Amulette|Niv. 47
Amulette des Abîmes|Amulette|Niv. 47
Masque Tromatisant|Chapeau|Niv. 47
Amulette du Craqueleur|Amulette|Niv. 47
Bottines du Black Wab|Bottes|Niv. 47
Printatanes|Bottes|Niv. 47
Bottes Hédivines|Bottes|Niv. 47
Bottes du Craqueleur|Bottes|Niv. 47
Abramu|Amulette|Niv. 46
Cape Ricéfini|Cape|Niv. 46
Anneau de Grouillot|Anneau|Niv. 46
Ceinture Vioutifoule|Ceinture|Niv. 46
Craquelocape|Cape|Niv. 46
Goyave|Chapeau|Niv. 46
Ceinture du Black Wab|Ceinture|Niv. 46
Masque du Kanniboul Ebil|Chapeau|Niv. 46
Amulette d'Haku|Amulette|Niv. 46
Anneau d'Haku|Anneau|Niv. 46
Craquamulette|Amulette|Niv. 46
Scarature Verte|Ceinture|Niv. 46
Scarature Bleue|Ceinture|Niv. 46
Bottes de Grilliane|Bottes|Niv. 46
Scarature Rouge|Ceinture|Niv. 46
Pendule du Gudule|Amulette|Niv. 46
Palmano|Anneau|Niv. 46
Bottes de Traçon|Bottes|Niv. 46
Gladialeçon|Ceinture|Niv. 46
Abranneau Mou|Anneau|Niv. 46
Scarature Blanche|Ceinture|Niv. 46
Abrabottes|Bottes|Niv. 45
La Feuille d'Eté|Amulette|Niv. 45
Amulette Scarabosse Doré|Amulette|Niv. 45
Printanneau|Anneau|Niv. 45
Abracapa|Cape|Niv. 45
Mégature|Ceinture|Niv. 45
Scaracape Verte|Cape|Niv. 45
Scaracape Bleue|Cape|Niv. 45
Anneau Paupayahn|Anneau|Niv. 45
Bottes de Kubitus|Bottes|Niv. 45
Bottes de Stroud|Bottes|Niv. 45
Pagne du Chafer Rōnin|Ceinture|Niv. 45
Bandeau Rokwa|Chapeau|Niv. 45
Bouclier Abraknyde|Bouclier|Niv. 45
Abracaska|Chapeau|Niv. 45
Ceinture du Craqueleur|Ceinture|Niv. 45
Scaracape Rouge|Cape|Niv. 45
Scaracape Blanche|Cape|Niv. 45
Beignature|Ceinture|Niv. 45
Amulette de Traçon|Amulette|Niv. 45
Ceinture Nikoti|Ceinture|Niv. 45
Abrature|Ceinture|Niv. 45
Corbacape|Cape|Niv. 45
Bracelet du Tétounik|Anneau|Niv. 45
Ceinture de Percimol|Ceinture|Niv. 45
Ceinture du Boostache|Ceinture|Niv. 45
Gladiabottes|Bottes|Niv. 45
Chaîne de la Liche|Amulette|Niv. 45
Cape du Corbac|Cape|Niv. 45
Corbottes|Bottes|Niv. 45
Corbacoiffe|Chapeau|Niv. 45
Amulette du Vampyre|Amulette|Niv. 45
Amulette de Grilliane|Amulette|Niv. 45
Casque du Craqueleur|Chapeau|Niv. 44
Bottes de Grüt|Bottes|Niv. 44
Anneau de Gobeuf|Anneau|Niv. 44
Anneau Forain|Anneau|Niv. 44
Scaracoiffe Blanche|Chapeau|Niv. 44
L'Eni Kère|Bottes|Niv. 44
Bottes de Grouillot|Bottes|Niv. 44
Cape du Coq Hû|Cape|Niv. 44
Chance à Mulette|Amulette|Niv. 44
L'Amulette du Puzzle de la Griffe|Amulette|Niv. 44
Scaracoiffe Rouge|Chapeau|Niv. 44
Cape Huccino|Cape|Niv. 44
Anneau du Boostache|Anneau|Niv. 44
Kabuto du Chafer Rōnin|Chapeau|Niv. 44
Scaracoiffe Verte|Chapeau|Niv. 44
Scaracoiffe Bleue|Chapeau|Niv. 44
Anneau Hé|Anneau|Niv. 44
Fulgu au poing|Anneau|Niv. 44
Mitaines de Chisp|Anneau|Niv. 44
Amulette du Kam Assutra|Amulette|Niv. 43
La Mokette|Cape|Niv. 43
Bottes Vioutifoule|Bottes|Niv. 43
Scaranneau Vert|Anneau|Niv. 43
Scaranneau Rouge|Anneau|Niv. 43
Anneau du Scarabosse Doré|Anneau|Niv. 43
Yugure|Ceinture|Niv. 43
Gantelet du Real Boitar|Anneau|Niv. 43
Bague Rafe|Anneau|Niv. 43
Bottes O'Feu|Bottes|Niv. 43
Collier Sleump|Amulette|Niv. 43
Tartamulette|Amulette|Niv. 43
Anneau de Slait|Anneau|Niv. 43
Les Chaplures|Bottes|Niv. 43
La Chaplivate|Amulette|Niv. 43
Bottes de Laikteur|Bottes|Niv. 43
Anneau de Grizou|Anneau|Niv. 43
Ceinture de Grizou|Ceinture|Niv. 43
Ceinture de Grouillot|Ceinture|Niv. 43
Alliance du Kanniboul Ebil|Anneau|Niv. 43
Mégabottes|Bottes|Niv. 43
Scarature Noire|Ceinture|Niv. 43
Bottes Paupayahn|Bottes|Niv. 43
Les Sleumpettes|Bottes|Niv. 43
Gantelet des Bouftons Rouges|Anneau|Niv. 43
Anneau Pomdeupin|Anneau|Niv. 43
Amulette de Kalkanéus|Amulette|Niv. 43
Champo|Chapeau|Niv. 43
Scaranneau Blanc|Anneau|Niv. 43
Scaranneau Bleu|Anneau|Niv. 43
Chapeau Akwadala|Chapeau|Niv. 43
Bottes de Slait|Bottes|Niv. 43
Yugolette|Amulette|Niv. 43
Ceinture de Traçon|Ceinture|Niv. 43
Golbottes|Bottes|Niv. 42
Bottes de Kocksis|Bottes|Niv. 42
Ceinture de Gobeuf|Ceinture|Niv. 42
Amulette de Rapiat|Amulette|Niv. 42
Dragolyre Remaniée|Amulette|Niv. 42
Amukwak de Flammes|Amulette|Niv. 42
Kwakanneau de Vent|Anneau|Niv. 42
Masque du Vampyre|Chapeau|Niv. 42
L'Esteban|Amulette|Niv. 42
Anneau de Laikteur|Anneau|Niv. 42
Ceinture de Kubitus|Ceinture|Niv. 42
Ceinture Teule|Ceinture|Niv. 42
Kwakanneau de Flammes|Anneau|Niv. 42
Ceinture Kokokette|Ceinture|Niv. 42
Bottes Siks Won Naïne|Bottes|Niv. 42
Ceinture du Vampyre|Ceinture|Niv. 42
Bottes du Real Boitar|Bottes|Niv. 42
Bottes des Bouftons Rouges|Bottes|Niv. 42
Amulette de Gobeuf|Amulette|Niv. 42
Bottes du Kanniboul Ebil|Bottes|Niv. 42
Peignentif|Amulette|Niv. 42
Chaponion|Chapeau|Niv. 42
Le foulard du Lard Fou|Amulette|Niv. 42
Amukwak de Glace|Amulette|Niv. 42
Kwakanneau de Glace|Anneau|Niv. 42
Kwakanneau de Terre|Anneau|Niv. 42
Chispottes|Bottes|Niv. 42
Collertue|Amulette|Niv. 42
Amulette de Grüt|Amulette|Niv. 42
Esprit de Crocoburio|Bottes|Niv. 42
Amukwak de Terre|Amulette|Niv. 42
Amukwak du Vent|Amulette|Niv. 42
Anneau du Vampyre|Anneau|Niv. 42
Ceinture de Kocksis|Ceinture|Niv. 42
Amulette du Pirate|Amulette|Niv. 41
Cape Akwadala|Cape|Niv. 41
Cape du Vampyre|Cape|Niv. 41
Amulette de Laikteur|Amulette|Niv. 41
Bottes Donion|Bottes|Niv. 41
Bottes de Klime|Bottes|Niv. 41
Emblème Livide|Amulette|Niv. 41
La Végète Hâtif|Ceinture|Niv. 41
Kwakture de Vent|Ceinture|Niv. 41
Kwakoiffe de Vent|Chapeau|Niv. 41
Ceinture Akwadala|Ceinture|Niv. 41
Anneau solaire|Anneau|Niv. 41
Bottes de Grizou|Bottes|Niv. 41
Amulette de Kubitus|Amulette|Niv. 41
Ceinture de Stroud|Ceinture|Niv. 41
Kwape de Glace|Cape|Niv. 41
Kwakoiffe de Glace|Chapeau|Niv. 41
Kwakture de Glace|Ceinture|Niv. 41
Kwape de Vent|Cape|Niv. 41
Ceinture Siks Won Naïne|Ceinture|Niv. 41
Collier de Noké|Amulette|Niv. 41
Bottes de Rekto Topi|Bottes|Niv. 41
Cape du Boostache|Cape|Niv. 41
Snarmulette|Amulette|Niv. 41
Bottes Volatiles|Bottes|Niv. 41
Cape de Bou|Cape|Niv. 41
Kwape de Flammes|Cape|Niv. 41
Kwakture de Flammes|Ceinture|Niv. 41
Yugoufle|Bottes|Niv. 41
Anneau de Kocksis|Anneau|Niv. 41
Bottes de Rapiat|Bottes|Niv. 41
Mes Petits Sabots|Bottes|Niv. 41
Kwakoiffe de Flammes|Chapeau|Niv. 41
Kwape de Terre|Cape|Niv. 41
Kwakture de Terre|Ceinture|Niv. 41
Kwakoiffe de Terre|Chapeau|Niv. 41
Amulette Akwadala|Amulette|Niv. 41
Bottes du Vampyre|Bottes|Niv. 41
Ceinture de Tolot|Ceinture|Niv. 41
Ceinture de Mounu|Ceinture|Niv. 41
Amulette de Rekto Topi|Amulette|Niv. 41
Bottes du Chafer Primitif|Bottes|Niv. 41
Vegamu|Amulette|Niv. 40
Kwakobottes de Glace|Bottes|Niv. 40
Casque Keutumedi|Chapeau|Niv. 40
Chapeau Leufère|Chapeau|Niv. 40
Grosse Bagouze du Parrain|Anneau|Niv. 40
Chaussures du Tétounik|Bottes|Niv. 40
Ceinture de Rekto Topi|Ceinture|Niv. 40
Cordon Père au gnon|Ceinture|Niv. 40
Slip de Kalkanéus|Ceinture|Niv. 40
Ceinture du Monarque|Ceinture|Niv. 40
Bottes Dragocourse|Bottes|Niv. 40
Sandalnéaires|Bottes|Niv. 40
Bouclier du Craqueleur|Bouclier|Niv. 40
La Broche Céleste|Amulette|Niv. 40
Ambramulette Moskito|Amulette|Niv. 40
Végacoiffe|Chapeau|Niv. 40
Bambamulette|Amulette|Niv. 40
Chapeau Grave|Chapeau|Niv. 40
Coiffe Fère|Chapeau|Niv. 40
Scaphandre Ojine|Chapeau|Niv. 40
Casque Noix|Chapeau|Niv. 40
Coiffe Ondamentale|Chapeau|Niv. 40
Anobra|Anneau|Niv. 40
Kwakobottes de Flammes|Bottes|Niv. 40
Anneau de l'Invocateur Satisfait|Anneau|Niv. 40
Bonnet Nufar|Chapeau|Niv. 40
Capuche Apin|Chapeau|Niv. 40
Chapeau Lithique|Chapeau|Niv. 40
Ceinture Pomdeupin|Ceinture|Niv. 40
Caponion|Cape|Niv. 40
Masque Rosmique|Chapeau|Niv. 40
Ceinture du chasseur|Ceinture|Niv. 40
Torque du Monarque|Amulette|Niv. 40
Abracape|Cape|Niv. 40
Kwakobottes de Terre|Bottes|Niv. 40
Bonnet Spairance|Chapeau|Niv. 40
Chapeau Taufeu|Chapeau|Niv. 40
Jambanneau|Anneau|Niv. 40
Cocobottes|Bottes|Niv. 40
Ceinture des Redroz|Ceinture|Niv. 40
Chapeau Devin|Chapeau|Niv. 40
Abranneau|Anneau|Niv. 40
Sac de l'Aventurier|Sac à dos|Niv. 40
Force de Crocoburio|Anneau|Niv. 40
Araknamu|Amulette|Niv. 40
Kwakobottes de Vent|Bottes|Niv. 40
Chapeau Tyron|Chapeau|Niv. 40
Coiffe de Robbie Capuche|Chapeau|Niv. 40
Bonnet Toual|Chapeau|Niv. 40
Souliers laqués du Parrain|Bottes|Niv. 40
Ceinture de Grüt|Ceinture|Niv. 40
Coiffe Ainte|Chapeau|Niv. 40
Masque Arpone|Chapeau|Niv. 40
Bottes du Monarque|Bottes|Niv. 40
Ceinture Dragocourse|Ceinture|Niv. 40
Magture|Ceinture|Niv. 40
Bottes de Lymphe a Tik|Bottes|Niv. 39
Ceinture de Rapiat|Ceinture|Niv. 39
Bottes de Poursuite|Bottes|Niv. 39
Botte de Kalkanéus|Bottes|Niv. 39
Krustoture|Ceinture|Niv. 39
Libottes|Bottes|Niv. 39
Amulette du Mineur Sombre|Amulette|Niv. 39
Ceinture Lardière|Ceinture|Niv. 39
Cosmobracelet|Anneau|Niv. 39
Accord|Amulette|Niv. 38
Anneau du Prespic|Anneau|Niv. 38
Ceinture du Tétounik|Ceinture|Niv. 38
Bottes du Garde Royal|Bottes|Niv. 38
Bottes du Boufcoul|Bottes|Niv. 38
Cape Lumette|Cape|Niv. 38
Bottes Tarsy|Bottes|Niv. 38
Ceinture du Garde Royal|Ceinture|Niv. 38
Anneau du Boufcoul|Anneau|Niv. 38
Bottines de la Denrée|Bottes|Niv. 38
Amulette de Silicate|Amulette|Niv. 37
L'oxolature|Ceinture|Niv. 37
Dora Sombre de Brave|Chapeau|Niv. 37
Lorko Kasko|Chapeau|Niv. 37
Oxano|Anneau|Niv. 37
L'Ami Léhunui|Ceinture|Niv. 37
Cape du Prespic|Cape|Niv. 37
Alliance Akwadala|Anneau|Niv. 37
Ceinture du Boufcoul|Ceinture|Niv. 37
Amulette Perle|Amulette|Niv. 37
Dantgoule|Chapeau|Niv. 36
Cape du Tofu Fou|Cape|Niv. 36
L'Anneau Dhyn|Anneau|Niv. 36
Ramoume l'Eternelle|Ceinture|Niv. 36
Anneau de la mort|Anneau|Niv. 36
Anneau Bille|Anneau|Niv. 36
Dora|Chapeau|Niv. 36
Cape Maimpa|Cape|Niv. 36
Coiffe du Prespic|Chapeau|Niv. 36
Le Ours|Chapeau|Niv. 35
Givrature|Ceinture|Niv. 35
Bouclier du Chafer fantassin|Bouclier|Niv. 35
Amulette du Pêcheur de Somoon|Amulette|Niv. 35
Geta Akwadala|Bottes|Niv. 35
Cape Hilère|Cape|Niv. 34
Ambramulette Arakne|Amulette|Niv. 34
Puissance de Crocoburio|Ceinture|Niv. 34
Larvacoiffe|Chapeau|Niv. 34
Shako|Chapeau|Niv. 34
Clémentobottes|Bottes|Niv. 34
Cape Maj'Hic|Cape|Niv. 34
Pantoufrelons|Bottes|Niv. 34
Amulette Deulegarnoulle|Amulette|Niv. 33
Ceinture du Prespic|Ceinture|Niv. 33
Anneau de Phong Huss|Anneau|Niv. 33
Ceinture du Tot|Ceinture|Niv. 33
Cape du Poolay Chogrelotant|Cape|Niv. 33
Cape du Mulou Fou|Cape|Niv. 33
Choipo Podlard|Chapeau|Niv. 33
Larvabottes|Bottes|Niv. 33
Anneau du Corbeau Noir|Anneau|Niv. 33
Givrabottes|Bottes|Niv. 33
Minotokorno|Chapeau|Niv. 33
Amulette du Badoul|Amulette|Niv. 32
Ceinture du bois de l'est|Ceinture|Niv. 32
Bottes du Corbeau Noir|Bottes|Niv. 32
Amulette d'Hectaupe|Amulette|Niv. 32
Anneau d'Hectaupe|Anneau|Niv. 32
Clémentamulette|Amulette|Niv. 32
Dragolyre|Amulette|Niv. 32
La Bourgeonette|Amulette|Niv. 32
Bottes de Phong Huss|Bottes|Niv. 32
Gant de Frakacia|Anneau|Niv. 32
Boufcoiffe Royale|Chapeau|Niv. 32
Bottes de Rapine|Bottes|Niv. 32
Ceinture d'Hectaupe|Ceinture|Niv. 32
Gulliver|Chapeau|Niv. 32
Cape Rice|Cape|Niv. 32
Ceinture Banisation Sauvage|Ceinture|Niv. 32
Médaille Holy|Amulette|Niv. 31
Médaille Lahilama|Amulette|Niv. 31
Ceinture de Rapine|Ceinture|Niv. 31
Ceinture de Puissance|Ceinture|Niv. 31
Amulette de Rapine|Amulette|Niv. 31
Anneau Solo|Anneau|Niv. 31
Amulette du Molosse|Amulette|Niv. 31
Anneau Royal du Bouftou|Anneau|Niv. 31
Bague de Boufbowl|Anneau|Niv. 31
Ceinture du Molosse|Ceinture|Niv. 31
Souvenir d'Enutrof|Anneau|Niv. 30
Toady|Chapeau|Niv. 30
Bottes du bois de l'est|Bottes|Niv. 30
Pompanneau|Anneau|Niv. 30
Ceinture des Grocoricos|Ceinture|Niv. 30
Ceinture des Zoblaks|Ceinture|Niv. 30
Ceinture Fulgurante|Ceinture|Niv. 30
Passé de Xélor|Anneau|Niv. 30
Ceinture Royale du Bouftou|Ceinture|Niv. 30
Souliers Vernis de Porkass|Bottes|Niv. 30
Houde|Chapeau|Niv. 30
Cape de Bonne Espérance|Cape|Niv. 30
Bague Cristalline|Anneau|Niv. 30
Ceinture Verréhor|Ceinture|Niv. 30
Amulette Verréhor|Amulette|Niv. 30
Bottes des Grocoricos|Bottes|Niv. 30
Bottes des Redroz|Bottes|Niv. 30
Bottes de Marline|Bottes|Niv. 30
Bouclier de Bowisse|Bouclier|Niv. 30
Kritter|Chapeau|Niv. 30
Cape du Justicier|Cape|Niv. 30
Ceinture de Phong Huss|Ceinture|Niv. 30
Bottes des Pamous|Bottes|Niv. 30
La Bibelaw|Amulette|Niv. 30
Boufbottes Royales|Bottes|Niv. 30
Sandales Macien|Bottes|Niv. 30
Casque amélioré|Chapeau|Niv. 30
Ailes en bois améliorées|Cape|Niv. 30
Bottes en peau de Prespic|Bottes|Niv. 30
Bottes de Frakacia|Bottes|Niv. 30
Bottes des Zoblaks|Bottes|Niv. 30
Ceinture des Pamous|Ceinture|Niv. 30
L'Ecaliseur|Anneau|Niv. 29
Amulette de Shika|Amulette|Niv. 29
Cape du Vampire|Cape|Niv. 29
Casque de boufbowl|Chapeau|Niv. 29
Kabale|Amulette|Niv. 29
Cape Bouffante Royale|Cape|Niv. 29
Ceinture Banisation|Ceinture|Niv. 29
Bottes de Boufbowl|Bottes|Niv. 28
Masque de Frakacia|Chapeau|Niv. 28
Banana Cape|Cape|Niv. 28
La Broche Hète|Amulette|Niv. 28
Amulette Royale du Bouftou|Amulette|Niv. 28
La Croqueuse|Ceinture|Niv. 28
La Célébrité|Amulette|Niv. 27
Bottes de Concentration|Bottes|Niv. 27
La Mouthmou|Ceinture|Niv. 27
Ceinture d'Endurance|Ceinture|Niv. 27
Larvasac|Sac à dos|Niv. 27
L'Ecrabouilleur de Iop|Bottes|Niv. 27
Ceinture de Célérité|Ceinture|Niv. 27
Pompamulette|Amulette|Niv. 27
Jouik Krampe|Chapeau|Niv. 26
Fécaliseur du Guerrier|Anneau|Niv. 26
Ceinture Piquante|Ceinture|Niv. 26
Larvamulette|Amulette|Niv. 26
Cape du Tofu|Cape|Niv. 26
Fécaliseur du Magicien|Anneau|Niv. 26
Alliance de Silimelle|Anneau|Niv. 26
Bonnet du Glutin|Chapeau|Niv. 25
Anneau Mèr|Anneau|Niv. 25
Anneau Thé|Anneau|Niv. 25
Manteau du Glutin|Cape|Niv. 25
Bouclier en Mousse|Bouclier|Niv. 25
Caleçon Fourré du Glutin|Ceinture|Niv. 25
Bracelet du Glutin|Anneau|Niv. 25
Bottes de Faillete|Bottes|Niv. 24
Amulette en Crabe|Amulette|Niv. 24
Crystal O'Boul|Chapeau|Niv. 24
La Boufteuse|Cape|Niv. 23
Kaskofu|Chapeau|Niv. 23
Entente|Amulette|Niv. 23
Pantoufles du Tofu|Bottes|Niv. 23
Cape Edépée|Cape|Niv. 22
Amulette du Bûcheron|Amulette|Niv. 22
Pieds du Sanglier|Bottes|Niv. 22
Le Oiram|Chapeau|Niv. 22
La Samoulaille|Cape|Niv. 22
Amulette du Tofu|Amulette|Niv. 22
Chapeau du Papa Nowel|Chapeau|Niv. 22
La Reinette|Amulette|Niv. 22
Amulette du Marin|Amulette|Niv. 22
Le Troma|Chapeau|Niv. 22
Bottes de Maîtrise|Bottes|Niv. 22
Bottes d'Anticipation|Bottes|Niv. 22
Ceinture du Tofu|Ceinture|Niv. 22
Cape Itou Lascione|Cape|Niv. 21
Mos Kitano|Anneau|Niv. 21
Anneau du Tofu|Anneau|Niv. 21
Chapeau Pointu|Chapeau|Niv. 21
Citwouille|Chapeau|Niv. 20
Casque|Chapeau|Niv. 20
Coiffe en Mousse|Chapeau|Niv. 20
Anneau Zest|Anneau|Niv. 20
Boufbottes|Bottes|Niv. 20
Alliance de l'Homme Ours|Anneau|Niv. 20
Amulette du Boufcoul|Amulette|Niv. 20
Bottes Karnaval|Bottes|Niv. 20
Coiffe Invisible|Chapeau|Niv. 20
Cape de Bowisse|Cape|Niv. 20
Ailes en bois|Cape|Niv. 20
Coiffe du Bouftou|Chapeau|Niv. 20
Cape Bouffante|Cape|Niv. 20
Cape de l'Homme Ours|Cape|Niv. 20
Ceinture de l'Homme Ours|Ceinture|Niv. 20
Anneau en Mousse|Anneau|Niv. 20
Ceinture en Mousse|Ceinture|Niv. 20
La Coiffe du Ploukosse|Chapeau|Niv. 20
Chance d'Ecaflip|Anneau|Niv. 20
Sac du Staca Noviste|Sac à dos|Niv. 20
Anneau de Bouze le Clerc|Anneau|Niv. 20
Coiffe de l'Homme Ours|Chapeau|Niv. 20
Bottes de l'Homme Ours|Bottes|Niv. 20
Amulette de l'Homme Ours|Amulette|Niv. 20
Amulette Paysanne|Amulette|Niv. 20
Ceinturemuda du Paysan|Ceinture|Niv. 20
Amulette en Mousse|Amulette|Niv. 20
Bottes en Mousse|Bottes|Niv. 20
Cape en Mousse|Cape|Niv. 20
Sac ripant|Sac à dos|Niv. 20
Cape Invisible|Cape|Niv. 20
Bouclier du Bouftou|Bouclier|Niv. 20
Bouclier Invisible|Bouclier|Niv. 20
Sac du Grand Récolteur|Sac à dos|Niv. 20
Amulette du Bouftou|Amulette|Niv. 20
Ceinture du Bouftou|Ceinture|Niv. 20
Ceinture Karnaval|Ceinture|Niv. 20
Dofus Argenté|Dofus|Niv. 20
Bob du Paysan|Chapeau|Niv. 19
Bottes Paysannes|Bottes|Niv. 19
Cape du Papa Nowel|Cape|Niv. 19
Amulette du Chafer|Amulette|Niv. 19
Anneau du Sanglier|Anneau|Niv. 19
Sanglature|Ceinture|Niv. 18
Anneau Vice|Anneau|Niv. 18
Cape Sombre|Cape|Niv. 18
Sac du Paysan|Sac à dos|Niv. 18
Anneau Rak|Anneau|Niv. 17
Anneau du Bandit|Anneau|Niv. 17
La Gougnole|Amulette|Niv. 17
Korko Klako|Chapeau|Niv. 17
Ceinture de Sécurité|Ceinture|Niv. 17
Cape Abilité|Cape|Niv. 17
Omelette Amulette|Amulette|Niv. 17
Cape de Rougeur|Cape|Niv. 16
Bottes de Puissance|Bottes|Niv. 16
Amulette du Bandit|Amulette|Niv. 16
Sac du Petit Moskito|Sac à dos|Niv. 16
Amulette des Champs|Amulette|Niv. 15
Sac du Récolteur|Sac à dos|Niv. 15
Amulette du Moskito|Amulette|Niv. 15
Blessure du Sacrieur|Anneau|Niv. 15
La Lou Ptiote|Amulette|Niv. 15
Ceinture du Bandit|Ceinture|Niv. 15
Le Bagueur|Anneau|Niv. 15
Anneau Champêtre|Anneau|Niv. 15
Moskitogalurette|Chapeau|Niv. 15
Cape Ellinie|Cape|Niv. 14
Gobtroteur|Bottes|Niv. 14
Bottes Champêtres|Bottes|Niv. 14
Cape Ulais|Cape|Niv. 14
Cape Sulcorpe|Cape|Niv. 14
Anneau du Mental|Anneau|Niv. 14
Coiffe Champêtre|Chapeau|Niv. 14
La Chaîne Nhanor Kibrill|Amulette|Niv. 13
Capouze des Champs|Cape|Niv. 13
Ceinture de Poche|Ceinture|Niv. 13
Ceinture Fleurie|Ceinture|Niv. 13
Anneau du Champ Champ|Anneau|Niv. 13
Amulette du Piou Jaune|Amulette|Niv. 12
Anneau du Piou Vert|Anneau|Niv. 12
Cape du Piou Violet|Cape|Niv. 12
Casque de Kardorim|Chapeau|Niv. 12
Chapeau de l'Aventurier|Chapeau|Niv. 12
Bracelet de Kardorim|Anneau|Niv. 12
Amulette Itby|Amulette|Niv. 12
Sandales du Piou Rose|Bottes|Niv. 12
Ceinture du Piou Bleu|Ceinture|Niv. 12
Chapeau du Piou Rouge|Chapeau|Niv. 12
La Destinée Dorée|Amulette|Niv. 12
L'Anneau de Valeur|Anneau|Niv. 12
Puissantes Bottes de Klime|Bottes|Niv. 12
Bottes de Satisfaction|Bottes|Niv. 12
Champcoiffe|Chapeau|Niv. 12
Mitaines Mitées du Paysan|Anneau|Niv. 12
Cape de Kardorim|Cape|Niv. 12
Araknoture|Ceinture|Niv. 11
Cape du Piou Rose|Cape|Niv. 11
La Veaux Doux|Amulette|Niv. 11
Alliance Du Champ Champ|Anneau|Niv. 11
Anneau du Piou Jaune|Anneau|Niv. 11
Chapeau du Piou Bleu|Chapeau|Niv. 11
La cape rouge|Cape|Niv. 11
Bottes de l'Aventurier|Bottes|Niv. 11
Cape du Champ Champ|Cape|Niv. 11
Cape Pandawushu|Cape|Niv. 11
Anneau des Rocheuses|Anneau|Niv. 11
Amulette du Piou Rouge|Amulette|Niv. 11
Sandales du Piou Vert|Bottes|Niv. 11
Ceinture du Piou Violet|Ceinture|Niv. 11
Sac du Petit Aventurier|Sac à dos|Niv. 10
Ceinture de l'aventurier|Ceinture|Niv. 10
Cape du Piou Vert|Cape|Niv. 10
Chapeau du Piou Violet|Chapeau|Niv. 10
Pacmabottes|Bottes|Niv. 10
Kouinkano Noir|Anneau|Niv. 10
Kouinkano Jaune|Anneau|Niv. 10
Soubretture|Ceinture|Niv. 10
Coiffe de Fouduglen|Chapeau|Niv. 10
Amulette de Fouduglen|Amulette|Niv. 10
Slip de Khan Karkass|Ceinture|Niv. 10
Bandeau d'apprenti Pandawushuka|Chapeau|Niv. 10
Ceinture du Piou Rose|Ceinture|Niv. 10
Amulette Tétriste|Amulette|Niv. 10
Anneau de l'Envahisseur|Anneau|Niv. 10
Ceinturong|Ceinture|Niv. 10
Shinchamu|Amulette|Niv. 10
Ninjamu Blanche|Amulette|Niv. 10
Ninjamu Noire|Amulette|Niv. 10
Makiture|Ceinture|Niv. 10
Bottes Nō|Bottes|Niv. 10
Collier de Lilotte|Amulette|Niv. 10
Coiffe Wouaf|Chapeau|Niv. 10
Anneau Tétriste|Anneau|Niv. 10
Amulettong|Amulette|Niv. 10
Ceintulotté|Ceinture|Niv. 10
Ailobottes|Bottes|Niv. 10
Annolita|Anneau|Niv. 10
Casquête|Chapeau|Niv. 10
Bottes de Fouduglen|Bottes|Niv. 10
Anneau du Piou Rouge|Anneau|Niv. 10
Sandales du Piou Jaune|Bottes|Niv. 10
Anomen Tengu|Anneau|Niv. 10
Slipwaïï|Ceinture|Niv. 10
Ceinture du Samouraï|Ceinture|Niv. 10
Bouclier Volant|Bouclier|Niv. 10
Anneau Fortifiant|Anneau|Niv. 10
L'Araknacoiffe|Chapeau|Niv. 10
Amulette du Piou Bleu|Amulette|Niv. 10
Ceinture de l'Envahisseur|Ceinture|Niv. 10
Pacmamulette|Amulette|Niv. 10
Troma du Vieux John|Chapeau|Niv. 10
Geishanneau|Anneau|Niv. 10
Dragoubottes Roses|Bottes|Niv. 10
Collier de Khan Karkass|Amulette|Niv. 10
Amulette du Piou Violet|Amulette|Niv. 9
Ceinture du Piou Vert|Ceinture|Niv. 9
Slip de Rechange du Captain Chafer|Ceinture|Niv. 9
Ceinture Vitalesque|Ceinture|Niv. 9
Chapeau du Piou Rose|Chapeau|Niv. 9
Anneau de Sagesse|Anneau|Niv. 9
Araknoton|Anneau|Niv. 9
Collier de l'Arc en Ciel|Amulette|Niv. 9
Amulette de Krokette|Amulette|Niv. 9
Cape de l'Aventurier|Cape|Niv. 9
Sandales du Piou Rouge|Bottes|Niv. 9
Anneau de Chance|Anneau|Niv. 9
Anneau d'Agilité|Anneau|Niv. 9
Anneau du Piou Bleu|Anneau|Niv. 9
Cape du Piou Jaune|Cape|Niv. 9
Ceinture Agilesque|Ceinture|Niv. 8
Anneau de l'Aventurier|Anneau|Niv. 8
Cape du Piou Rouge|Cape|Niv. 8
Coiffe Antôme|Chapeau|Niv. 8
Amulette du Piou Rose|Amulette|Niv. 8
Sandales du Piou Bleu|Bottes|Niv. 8
Chapeau du Piou Vert|Chapeau|Niv. 8
Sac à Main Renforcé|Anneau|Niv. 8
Amulette de l'Ours|Amulette|Niv. 8
Amulette du Loup|Amulette|Niv. 8
Cape Syché|Cape|Niv. 8
Ceinture Forcesque|Ceinture|Niv. 8
Bottes de Nexus|Bottes|Niv. 8
Anneau du Piou Violet|Anneau|Niv. 8
Amulette du Hibou|Amulette|Niv. 8
Anneau de Satisfaction|Anneau|Niv. 8
Ceinture du Piou Jaune|Ceinture|Niv. 8
Cape Bleutée|Cape|Niv. 7
Amulette du Piou Vert|Amulette|Niv. 7
Sandales du Piou Violet|Bottes|Niv. 7
Animulette|Amulette|Niv. 7
Bottes de Chance|Bottes|Niv. 7
Ceinture du Piou Rouge|Ceinture|Niv. 7
Pandawa|Chapeau|Niv. 7
Bottes de Kluh|Bottes|Niv. 7
Amulette de l'Aventurier|Amulette|Niv. 7
Cape du Piou Bleu|Cape|Niv. 7
Chapeau du Piou Jaune|Chapeau|Niv. 7
Amulette du Sram|Amulette|Niv. 7
Ceinture du Kwabe|Ceinture|Niv. 7
Anneau du Piou Rose|Anneau|Niv. 7
Sandales d'Intelligence|Bottes|Niv. 6
Makroute|Chapeau|Niv. 6
Gantie Royal|Anneau|Niv. 6
Bottes Agilesques|Bottes|Niv. 6
Sac du Petit Récolteur|Sac à dos|Niv. 6
Cape de Mori Arty|Cape|Niv. 6
Dofawa|Dofus|Niv. 6
Bouclier du tournesol sauvage|Bouclier|Niv. 5
Einekeineux|Bottes|Niv. 5
Sac à Main|Anneau|Niv. 5
La Larme du Bouftou|Amulette|Niv. 5
Camaïneux|Anneau|Niv. 4
Bottes du Chat Buté|Bottes|Niv. 4
Bottes du Bouftou|Bottes|Niv. 4
Bandeau Pandawushu|Chapeau|Niv. 4
Sandales Tofuesques|Bottes|Niv. 3
Pendentif du Hibou Chétif|Amulette|Niv. 3
Bandeau Komintot|Chapeau|Niv. 3
Bandeau de Vitalité|Chapeau|Niv. 3
Anneau Vitalesque|Anneau|Niv. 2
Lisseur|Chapeau|Niv. 2
Fecaflip|Bottes|Niv. 2
Anneau Forcesque|Anneau|Niv. 2
Anneau Agilesque|Anneau|Niv. 2
Petit Anneau Magique|Anneau|Niv. 1
Grenouillette|Amulette|Niv. 1
Alliance|Anneau|Niv. 1
Artefact Terre|Anneau|Niv. 1
Artefact Air|Anneau|Niv. 1
Amulette Tude|Amulette|Niv. 1
Bouclier d'entraînement|Bouclier|Niv. 1
Le S'Mesme|Amulette|Niv. 1
Bouclier trophée du Moon|Bouclier|Niv. 1
Bouclier trophée du Dragon Cochon|Bouclier|Niv. 1
Amulette de l'intrépide|Amulette|Niv. 1
Ailes en bois alourdies|Cape|Niv. 1
Anneau Rexik|Anneau|Niv. 1
Cape Brâkmarienne|Cape|Niv. 1
Chapeau de la Mariée|Chapeau|Niv. 1
La Cape S'loque|Cape|Niv. 1
Le Plussain|Anneau|Niv. 1
Bouclier trophée du Chêne Mou|Bouclier|Niv. 1
Bouclier trophée du Kimbo|Bouclier|Niv. 1
Bouclier trophée du Bworker|Bouclier|Niv. 1
Bottes de l'intrépide|Bottes|Niv. 1
Bouclier d'Incarnam|Bouclier|Niv. 1
Kamature|Ceinture|Niv. 1
Ceinture du Kobeer|Ceinture|Niv. 1
Petit Anneau du Chanceux|Anneau|Niv. 1
Ceinture de Chance|Ceinture|Niv. 1
Artefact Feu|Anneau|Niv. 1
Artefact Eau|Anneau|Niv. 1
Artefact Lumière|Anneau|Niv. 1
Artefact Vie|Anneau|Niv. 1
Petit Sac en Laine de Boufton|Sac à dos|Niv. 1
Chapeau du Marié|Chapeau|Niv. 1
Cape Banale|Cape|Niv. 1
Bouclier des Brigandins écorché|Bouclier|Niv. 1
Le Floude|Chapeau|Niv. 1
La Spamette|Ceinture|Niv. 1
Bouclier trophée du Dark Vlad|Bouclier|Niv. 1
Bouclier trophée du Koulosse|Bouclier|Niv. 1
Bouclier trophée du Sphincter Cell|Bouclier|Niv. 1
Ceinture de l'intrépide|Ceinture|Niv. 1
Cape de l'intrépide|Cape|Niv. 1
Chapeau de l'intrépide|Chapeau|Niv. 1
Saponnet de Nowel|Chapeau|Niv. 1
Bouclier du Bûcheron|Bouclier|Niv. 1
Casque alourdi|Chapeau|Niv. 1
Cape du Pirate|Cape|Niv. 1
Louffeur|Chapeau|Niv. 1
Cape Bontarienne|Cape|Niv. 1
Tête de Citwouille|Chapeau|Niv. 1
Bottananas|Bottes|Niv. 1
Bouclier trophée du Wa Wabbit|Bouclier|Niv. 1
Anneau de l'intrépide|Anneau|Niv. 1
Bouclier de l'intrépide|Bouclier|Niv. 1
Kamatongues|Bottes|Niv. 1
Anneau de l'Audacieux|Anneau|Niv. 1
Koliet Aclou|Amulette|Niv. 1
Bottes de Force|Bottes|Niv. 1
Bottes Usées d'Hogmeiser|Bottes|Niv. 1
Les Incrustes|Bottes|Niv. 1
Crack Sparrow’s Own Withered Hat|Chapeau|Niv. 1
